scenario,repetition,seed,task_id,zone,duration_ms,release_ms
ward_delivery,1,20261106,0,2,10,0
ward_delivery,1,20261106,1,1,10,0
ward_delivery,1,20261106,2,2,10,0
ward_delivery,1,20261106,3,1,10,0
ward_delivery,1,20261106,4,0,10,0
ward_delivery,1,20261106,5,0,10,0
ward_delivery,1,20261106,6,2,10,0
ward_delivery,1,20261106,7,0,10,0
ward_delivery,1,20261106,8,1,10,0
ward_delivery,1,20261106,9,0,10,0
ward_delivery,1,20261106,10,2,10,0
ward_delivery,1,20261106,11,2,10,0
ward_delivery,1,20261106,12,2,10,0
ward_delivery,1,20261106,13,2,10,0
ward_delivery,1,20261106,14,0,10,0
ward_delivery,1,20261106,15,1,10,0
ward_delivery,1,20261106,16,2,10,0
ward_delivery,1,20261106,17,0,10,0
ward_delivery,1,20261106,18,0,10,0
ward_delivery,1,20261106,19,0,10,0
ward_delivery,1,20261106,20,0,10,0
ward_delivery,1,20261106,21,2,10,0
ward_delivery,1,20261106,22,1,10,0
ward_delivery,1,20261106,23,2,10,0
ward_delivery,1,20261106,24,0,10,0
ward_delivery,1,20261106,25,2,10,0
ward_delivery,1,20261106,26,1,10,0
ward_delivery,1,20261106,27,0,10,0
ward_delivery,1,20261106,28,2,10,0
ward_delivery,1,20261106,29,0,10,0
ward_delivery,1,20261106,30,2,10,0
ward_delivery,1,20261106,31,2,10,0
ward_delivery,1,20261106,32,0,10,0
ward_delivery,1,20261106,33,0,10,0
ward_delivery,1,20261106,34,2,10,0
ward_delivery,1,20261106,35,0,10,0
ward_delivery,1,20261106,36,1,10,0
ward_delivery,1,20261106,37,2,10,0
ward_delivery,1,20261106,38,2,10,0
ward_delivery,1,20261106,39,1,10,0
ward_delivery,1,20261106,40,1,10,0
ward_delivery,1,20261106,41,1,10,0
ward_delivery,1,20261106,42,0,10,0
ward_delivery,1,20261106,43,1,10,0
ward_delivery,1,20261106,44,0,10,0
ward_delivery,1,20261106,45,1,10,0
ward_delivery,1,20261106,46,2,10,0
ward_delivery,1,20261106,47,1,10,0
ward_delivery,1,20261106,48,1,10,0
ward_delivery,1,20261106,49,2,10,0
ward_delivery,1,20261106,50,2,10,0
ward_delivery,1,20261106,51,2,10,0
ward_delivery,1,20261106,52,2,10,0
ward_delivery,1,20261106,53,2,10,0
ward_delivery,1,20261106,54,2,10,0
ward_delivery,1,20261106,55,0,10,0
ward_delivery,1,20261106,56,0,10,0
ward_delivery,1,20261106,57,1,10,0
ward_delivery,1,20261106,58,2,10,0
ward_delivery,1,20261106,59,2,10,0
ward_delivery,1,20261106,60,1,10,0
ward_delivery,1,20261106,61,2,10,0
ward_delivery,1,20261106,62,1,10,0
ward_delivery,1,20261106,63,1,10,0
ward_delivery,1,20261106,64,2,10,0
ward_delivery,1,20261106,65,2,10,0
ward_delivery,1,20261106,66,2,10,0
ward_delivery,1,20261106,67,0,10,0
ward_delivery,1,20261106,68,1,10,0
ward_delivery,1,20261106,69,1,10,0
ward_delivery,1,20261106,70,1,10,0
ward_delivery,1,20261106,71,2,10,0
ward_delivery,1,20261106,72,1,10,0
ward_delivery,1,20261106,73,1,10,0
ward_delivery,1,20261106,74,0,10,0
ward_delivery,1,20261106,75,0,10,0
ward_delivery,1,20261106,76,1,10,0
ward_delivery,1,20261106,77,0,10,0
ward_delivery,1,20261106,78,2,10,0
ward_delivery,1,20261106,79,0,10,0
ward_delivery,1,20261106,80,0,10,0
ward_delivery,1,20261106,81,1,10,0
ward_delivery,1,20261106,82,1,10,0
ward_delivery,1,20261106,83,1,10,0
ward_delivery,1,20261106,84,0,10,0
ward_delivery,1,20261106,85,0,10,0
ward_delivery,1,20261106,86,0,10,0
ward_delivery,1,20261106,87,0,10,0
ward_delivery,1,20261106,88,1,10,0
ward_delivery,1,20261106,89,1,10,0
ward_delivery,1,20261106,90,1,10,0
ward_delivery,1,20261106,91,0,10,0
ward_delivery,1,20261106,92,1,10,0
ward_delivery,1,20261106,93,0,10,0
ward_delivery,1,20261106,94,0,10,0
ward_delivery,1,20261106,95,0,10,0
ward_delivery,1,20261106,96,2,10,0
ward_delivery,1,20261106,97,1,10,0
ward_delivery,1,20261106,98,2,10,0
ward_delivery,1,20261106,99,2,10,0
ward_delivery,1,20261106,100,1,10,0
ward_delivery,1,20261106,101,0,10,0
ward_delivery,1,20261106,102,2,10,0
ward_delivery,1,20261106,103,0,10,0
ward_delivery,1,20261106,104,2,10,0
ward_delivery,1,20261106,105,2,10,0
ward_delivery,1,20261106,106,2,10,0
ward_delivery,1,20261106,107,1,10,0
ward_delivery,1,20261106,108,0,10,0
ward_delivery,1,20261106,109,1,10,0
ward_delivery,1,20261106,110,1,10,0
ward_delivery,1,20261106,111,1,10,0
ward_delivery,1,20261106,112,0,10,0
ward_delivery,1,20261106,113,0,10,0
ward_delivery,1,20261106,114,0,10,0
ward_delivery,1,20261106,115,1,10,0
ward_delivery,1,20261106,116,0,10,0
ward_delivery,1,20261106,117,1,10,0
ward_delivery,1,20261106,118,1,10,0
ward_delivery,1,20261106,119,2,10,0
pharmacy_hotspot,1,20261107,0,0,10,0
pharmacy_hotspot,1,20261107,1,0,10,0
pharmacy_hotspot,1,20261107,2,0,10,0
pharmacy_hotspot,1,20261107,3,0,10,0
pharmacy_hotspot,1,20261107,4,0,10,0
pharmacy_hotspot,1,20261107,5,0,10,0
pharmacy_hotspot,1,20261107,6,0,10,0
pharmacy_hotspot,1,20261107,7,2,10,0
pharmacy_hotspot,1,20261107,8,0,10,0
pharmacy_hotspot,1,20261107,9,0,10,0
pharmacy_hotspot,1,20261107,10,0,10,0
pharmacy_hotspot,1,20261107,11,0,10,0
pharmacy_hotspot,1,20261107,12,0,10,0
pharmacy_hotspot,1,20261107,13,0,10,0
pharmacy_hotspot,1,20261107,14,0,10,0
pharmacy_hotspot,1,20261107,15,0,10,0
pharmacy_hotspot,1,20261107,16,0,10,0
pharmacy_hotspot,1,20261107,17,2,10,0
pharmacy_hotspot,1,20261107,18,0,10,0
pharmacy_hotspot,1,20261107,19,0,10,0
pharmacy_hotspot,1,20261107,20,0,10,0
pharmacy_hotspot,1,20261107,21,0,10,0
pharmacy_hotspot,1,20261107,22,0,10,0
pharmacy_hotspot,1,20261107,23,1,10,0
pharmacy_hotspot,1,20261107,24,0,10,0
pharmacy_hotspot,1,20261107,25,0,10,0
pharmacy_hotspot,1,20261107,26,0,10,0
pharmacy_hotspot,1,20261107,27,0,10,0
pharmacy_hotspot,1,20261107,28,0,10,0
pharmacy_hotspot,1,20261107,29,0,10,0
pharmacy_hotspot,1,20261107,30,0,10,0
pharmacy_hotspot,1,20261107,31,1,10,0
pharmacy_hotspot,1,20261107,32,0,10,0
pharmacy_hotspot,1,20261107,33,0,10,0
pharmacy_hotspot,1,20261107,34,2,10,0
pharmacy_hotspot,1,20261107,35,0,10,0
pharmacy_hotspot,1,20261107,36,0,10,0
pharmacy_hotspot,1,20261107,37,1,10,0
pharmacy_hotspot,1,20261107,38,0,10,0
pharmacy_hotspot,1,20261107,39,0,10,0
pharmacy_hotspot,1,20261107,40,0,10,0
pharmacy_hotspot,1,20261107,41,0,10,0
pharmacy_hotspot,1,20261107,42,0,10,0
pharmacy_hotspot,1,20261107,43,0,10,0
pharmacy_hotspot,1,20261107,44,0,10,0
pharmacy_hotspot,1,20261107,45,0,10,0
pharmacy_hotspot,1,20261107,46,2,10,0
pharmacy_hotspot,1,20261107,47,0,10,0
pharmacy_hotspot,1,20261107,48,2,10,0
pharmacy_hotspot,1,20261107,49,0,10,0
pharmacy_hotspot,1,20261107,50,0,10,0
pharmacy_hotspot,1,20261107,51,0,10,0
pharmacy_hotspot,1,20261107,52,0,10,0
pharmacy_hotspot,1,20261107,53,2,10,0
pharmacy_hotspot,1,20261107,54,0,10,0
pharmacy_hotspot,1,20261107,55,0,10,0
pharmacy_hotspot,1,20261107,56,0,10,0
pharmacy_hotspot,1,20261107,57,1,10,0
pharmacy_hotspot,1,20261107,58,0,10,0
pharmacy_hotspot,1,20261107,59,0,10,0
pharmacy_hotspot,1,20261107,60,0,10,0
pharmacy_hotspot,1,20261107,61,0,10,0
pharmacy_hotspot,1,20261107,62,0,10,0
pharmacy_hotspot,1,20261107,63,0,10,0
pharmacy_hotspot,1,20261107,64,0,10,0
pharmacy_hotspot,1,20261107,65,1,10,0
pharmacy_hotspot,1,20261107,66,2,10,0
pharmacy_hotspot,1,20261107,67,0,10,0
pharmacy_hotspot,1,20261107,68,2,10,0
pharmacy_hotspot,1,20261107,69,0,10,0
pharmacy_hotspot,1,20261107,70,0,10,0
pharmacy_hotspot,1,20261107,71,0,10,0
pharmacy_hotspot,1,20261107,72,0,10,0
pharmacy_hotspot,1,20261107,73,0,10,0
pharmacy_hotspot,1,20261107,74,0,10,0
pharmacy_hotspot,1,20261107,75,2,10,0
pharmacy_hotspot,1,20261107,76,0,10,0
pharmacy_hotspot,1,20261107,77,2,10,0
pharmacy_hotspot,1,20261107,78,0,10,0
pharmacy_hotspot,1,20261107,79,0,10,0
pharmacy_hotspot,1,20261107,80,0,10,0
pharmacy_hotspot,1,20261107,81,0,10,0
pharmacy_hotspot,1,20261107,82,0,10,0
pharmacy_hotspot,1,20261107,83,1,10,0
pharmacy_hotspot,1,20261107,84,2,10,0
pharmacy_hotspot,1,20261107,85,0,10,0
pharmacy_hotspot,1,20261107,86,0,10,0
pharmacy_hotspot,1,20261107,87,0,10,0
pharmacy_hotspot,1,20261107,88,0,10,0
pharmacy_hotspot,1,20261107,89,0,10,0
pharmacy_hotspot,1,20261107,90,0,10,0
pharmacy_hotspot,1,20261107,91,0,10,0
pharmacy_hotspot,1,20261107,92,0,10,0
pharmacy_hotspot,1,20261107,93,0,10,0
pharmacy_hotspot,1,20261107,94,1,10,0
pharmacy_hotspot,1,20261107,95,1,10,0
pharmacy_hotspot,1,20261107,96,0,10,0
pharmacy_hotspot,1,20261107,97,0,10,0
pharmacy_hotspot,1,20261107,98,0,10,0
pharmacy_hotspot,1,20261107,99,0,10,0
pharmacy_hotspot,1,20261107,100,0,10,0
pharmacy_hotspot,1,20261107,101,0,10,0
pharmacy_hotspot,1,20261107,102,1,10,0
pharmacy_hotspot,1,20261107,103,0,10,0
pharmacy_hotspot,1,20261107,104,1,10,0
pharmacy_hotspot,1,20261107,105,0,10,0
pharmacy_hotspot,1,20261107,106,1,10,0
pharmacy_hotspot,1,20261107,107,1,10,0
pharmacy_hotspot,1,20261107,108,0,10,0
pharmacy_hotspot,1,20261107,109,0,10,0
pharmacy_hotspot,1,20261107,110,0,10,0
pharmacy_hotspot,1,20261107,111,0,10,0
pharmacy_hotspot,1,20261107,112,0,10,0
pharmacy_hotspot,1,20261107,113,0,10,0
pharmacy_hotspot,1,20261107,114,0,10,0
pharmacy_hotspot,1,20261107,115,0,10,0
pharmacy_hotspot,1,20261107,116,0,10,0
pharmacy_hotspot,1,20261107,117,2,10,0
pharmacy_hotspot,1,20261107,118,0,10,0
pharmacy_hotspot,1,20261107,119,0,10,0
mixed_services,1,20261108,0,2,10,0
mixed_services,1,20261108,1,2,5,0
mixed_services,1,20261108,2,1,10,0
mixed_services,1,20261108,3,1,10,0
mixed_services,1,20261108,4,0,5,0
mixed_services,1,20261108,5,0,10,0
mixed_services,1,20261108,6,1,5,0
mixed_services,1,20261108,7,0,40,0
mixed_services,1,20261108,8,1,40,0
mixed_services,1,20261108,9,0,5,0
mixed_services,1,20261108,10,2,10,0
mixed_services,1,20261108,11,0,40,0
mixed_services,1,20261108,12,0,5,0
mixed_services,1,20261108,13,1,10,0
mixed_services,1,20261108,14,1,5,0
mixed_services,1,20261108,15,2,40,0
mixed_services,1,20261108,16,0,40,0
mixed_services,1,20261108,17,0,5,0
mixed_services,1,20261108,18,2,5,0
mixed_services,1,20261108,19,0,10,0
mixed_services,1,20261108,20,0,40,0
mixed_services,1,20261108,21,2,10,0
mixed_services,1,20261108,22,0,5,0
mixed_services,1,20261108,23,2,40,0
mixed_services,1,20261108,24,1,40,0
mixed_services,1,20261108,25,0,10,0
mixed_services,1,20261108,26,2,10,0
mixed_services,1,20261108,27,1,10,0
mixed_services,1,20261108,28,2,10,0
mixed_services,1,20261108,29,2,40,0
mixed_services,1,20261108,30,1,10,0
mixed_services,1,20261108,31,2,10,0
mixed_services,1,20261108,32,1,10,0
mixed_services,1,20261108,33,0,5,0
mixed_services,1,20261108,34,0,10,0
mixed_services,1,20261108,35,2,40,0
mixed_services,1,20261108,36,1,40,0
mixed_services,1,20261108,37,1,5,0
mixed_services,1,20261108,38,1,10,0
mixed_services,1,20261108,39,2,10,0
mixed_services,1,20261108,40,1,40,0
mixed_services,1,20261108,41,2,5,0
mixed_services,1,20261108,42,2,10,0
mixed_services,1,20261108,43,2,5,0
mixed_services,1,20261108,44,2,40,0
mixed_services,1,20261108,45,1,5,0
mixed_services,1,20261108,46,2,40,0
mixed_services,1,20261108,47,0,10,0
mixed_services,1,20261108,48,1,5,0
mixed_services,1,20261108,49,0,10,0
mixed_services,1,20261108,50,0,10,0
mixed_services,1,20261108,51,2,10,0
mixed_services,1,20261108,52,0,40,0
mixed_services,1,20261108,53,1,40,0
mixed_services,1,20261108,54,2,40,0
mixed_services,1,20261108,55,0,40,0
mixed_services,1,20261108,56,0,40,0
mixed_services,1,20261108,57,1,5,0
mixed_services,1,20261108,58,2,40,0
mixed_services,1,20261108,59,0,40,0
mixed_services,1,20261108,60,2,5,0
mixed_services,1,20261108,61,2,10,0
mixed_services,1,20261108,62,0,5,0
mixed_services,1,20261108,63,0,10,0
mixed_services,1,20261108,64,2,5,0
mixed_services,1,20261108,65,1,40,0
mixed_services,1,20261108,66,2,5,0
mixed_services,1,20261108,67,2,40,0
mixed_services,1,20261108,68,1,40,0
mixed_services,1,20261108,69,2,5,0
mixed_services,1,20261108,70,1,5,0
mixed_services,1,20261108,71,1,5,0
mixed_services,1,20261108,72,1,5,0
mixed_services,1,20261108,73,0,10,0
mixed_services,1,20261108,74,1,40,0
mixed_services,1,20261108,75,1,10,0
mixed_services,1,20261108,76,0,40,0
mixed_services,1,20261108,77,0,10,0
mixed_services,1,20261108,78,1,40,0
mixed_services,1,20261108,79,2,40,0
mixed_services,1,20261108,80,0,10,0
mixed_services,1,20261108,81,1,5,0
mixed_services,1,20261108,82,1,5,0
mixed_services,1,20261108,83,0,10,0
mixed_services,1,20261108,84,0,10,0
mixed_services,1,20261108,85,1,10,0
mixed_services,1,20261108,86,1,40,0
mixed_services,1,20261108,87,0,5,0
mixed_services,1,20261108,88,1,10,0
mixed_services,1,20261108,89,2,10,0
mixed_services,1,20261108,90,2,5,0
mixed_services,1,20261108,91,1,10,0
mixed_services,1,20261108,92,1,5,0
mixed_services,1,20261108,93,0,5,0
mixed_services,1,20261108,94,0,40,0
mixed_services,1,20261108,95,0,40,0
mixed_services,1,20261108,96,2,40,0
mixed_services,1,20261108,97,1,10,0
mixed_services,1,20261108,98,1,40,0
mixed_services,1,20261108,99,1,5,0
mixed_services,1,20261108,100,0,40,0
mixed_services,1,20261108,101,2,10,0
mixed_services,1,20261108,102,2,5,0
mixed_services,1,20261108,103,2,5,0
mixed_services,1,20261108,104,1,10,0
mixed_services,1,20261108,105,2,40,0
mixed_services,1,20261108,106,1,5,0
mixed_services,1,20261108,107,2,5,0
mixed_services,1,20261108,108,0,5,0
mixed_services,1,20261108,109,0,5,0
mixed_services,1,20261108,110,2,40,0
mixed_services,1,20261108,111,0,40,0
mixed_services,1,20261108,112,1,40,0
mixed_services,1,20261108,113,0,5,0
mixed_services,1,20261108,114,2,10,0
mixed_services,1,20261108,115,1,40,0
mixed_services,1,20261108,116,0,5,0
mixed_services,1,20261108,117,0,5,0
mixed_services,1,20261108,118,2,5,0
mixed_services,1,20261108,119,2,5,0
clustered_rounds,1,20261109,0,0,10,0
clustered_rounds,1,20261109,1,0,10,0
clustered_rounds,1,20261109,2,0,10,0
clustered_rounds,1,20261109,3,0,10,0
clustered_rounds,1,20261109,4,0,10,0
clustered_rounds,1,20261109,5,0,10,0
clustered_rounds,1,20261109,6,0,10,0
clustered_rounds,1,20261109,7,0,10,0
clustered_rounds,1,20261109,8,0,10,0
clustered_rounds,1,20261109,9,0,10,0
clustered_rounds,1,20261109,10,0,10,0
clustered_rounds,1,20261109,11,0,10,0
clustered_rounds,1,20261109,12,0,10,0
clustered_rounds,1,20261109,13,0,10,0
clustered_rounds,1,20261109,14,0,10,0
clustered_rounds,1,20261109,15,0,10,0
clustered_rounds,1,20261109,16,0,10,0
clustered_rounds,1,20261109,17,0,10,0
clustered_rounds,1,20261109,18,0,10,0
clustered_rounds,1,20261109,19,0,10,0
clustered_rounds,1,20261109,20,0,10,0
clustered_rounds,1,20261109,21,0,10,0
clustered_rounds,1,20261109,22,0,10,0
clustered_rounds,1,20261109,23,0,10,0
clustered_rounds,1,20261109,24,0,10,0
clustered_rounds,1,20261109,25,0,10,0
clustered_rounds,1,20261109,26,0,10,0
clustered_rounds,1,20261109,27,0,10,0
clustered_rounds,1,20261109,28,0,10,0
clustered_rounds,1,20261109,29,0,10,0
clustered_rounds,1,20261109,30,0,10,0
clustered_rounds,1,20261109,31,0,10,0
clustered_rounds,1,20261109,32,0,10,0
clustered_rounds,1,20261109,33,0,10,0
clustered_rounds,1,20261109,34,0,10,0
clustered_rounds,1,20261109,35,0,10,0
clustered_rounds,1,20261109,36,0,10,0
clustered_rounds,1,20261109,37,0,10,0
clustered_rounds,1,20261109,38,0,10,0
clustered_rounds,1,20261109,39,0,10,0
clustered_rounds,1,20261109,40,1,10,0
clustered_rounds,1,20261109,41,1,10,0
clustered_rounds,1,20261109,42,1,10,0
clustered_rounds,1,20261109,43,1,10,0
clustered_rounds,1,20261109,44,1,10,0
clustered_rounds,1,20261109,45,1,10,0
clustered_rounds,1,20261109,46,1,10,0
clustered_rounds,1,20261109,47,1,10,0
clustered_rounds,1,20261109,48,1,10,0
clustered_rounds,1,20261109,49,1,10,0
clustered_rounds,1,20261109,50,1,10,0
clustered_rounds,1,20261109,51,1,10,0
clustered_rounds,1,20261109,52,1,10,0
clustered_rounds,1,20261109,53,1,10,0
clustered_rounds,1,20261109,54,1,10,0
clustered_rounds,1,20261109,55,1,10,0
clustered_rounds,1,20261109,56,1,10,0
clustered_rounds,1,20261109,57,1,10,0
clustered_rounds,1,20261109,58,1,10,0
clustered_rounds,1,20261109,59,1,10,0
clustered_rounds,1,20261109,60,1,10,0
clustered_rounds,1,20261109,61,1,10,0
clustered_rounds,1,20261109,62,1,10,0
clustered_rounds,1,20261109,63,1,10,0
clustered_rounds,1,20261109,64,1,10,0
clustered_rounds,1,20261109,65,1,10,0
clustered_rounds,1,20261109,66,1,10,0
clustered_rounds,1,20261109,67,1,10,0
clustered_rounds,1,20261109,68,1,10,0
clustered_rounds,1,20261109,69,1,10,0
clustered_rounds,1,20261109,70,1,10,0
clustered_rounds,1,20261109,71,1,10,0
clustered_rounds,1,20261109,72,1,10,0
clustered_rounds,1,20261109,73,1,10,0
clustered_rounds,1,20261109,74,1,10,0
clustered_rounds,1,20261109,75,1,10,0
clustered_rounds,1,20261109,76,1,10,0
clustered_rounds,1,20261109,77,1,10,0
clustered_rounds,1,20261109,78,1,10,0
clustered_rounds,1,20261109,79,1,10,0
clustered_rounds,1,20261109,80,2,10,0
clustered_rounds,1,20261109,81,2,10,0
clustered_rounds,1,20261109,82,2,10,0
clustered_rounds,1,20261109,83,2,10,0
clustered_rounds,1,20261109,84,2,10,0
clustered_rounds,1,20261109,85,2,10,0
clustered_rounds,1,20261109,86,2,10,0
clustered_rounds,1,20261109,87,2,10,0
clustered_rounds,1,20261109,88,2,10,0
clustered_rounds,1,20261109,89,2,10,0
clustered_rounds,1,20261109,90,2,10,0
clustered_rounds,1,20261109,91,2,10,0
clustered_rounds,1,20261109,92,2,10,0
clustered_rounds,1,20261109,93,2,10,0
clustered_rounds,1,20261109,94,2,10,0
clustered_rounds,1,20261109,95,2,10,0
clustered_rounds,1,20261109,96,2,10,0
clustered_rounds,1,20261109,97,2,10,0
clustered_rounds,1,20261109,98,2,10,0
clustered_rounds,1,20261109,99,2,10,0
clustered_rounds,1,20261109,100,2,10,0
clustered_rounds,1,20261109,101,2,10,0
clustered_rounds,1,20261109,102,2,10,0
clustered_rounds,1,20261109,103,2,10,0
clustered_rounds,1,20261109,104,2,10,0
clustered_rounds,1,20261109,105,2,10,0
clustered_rounds,1,20261109,106,2,10,0
clustered_rounds,1,20261109,107,2,10,0
clustered_rounds,1,20261109,108,2,10,0
clustered_rounds,1,20261109,109,2,10,0
clustered_rounds,1,20261109,110,2,10,0
clustered_rounds,1,20261109,111,2,10,0
clustered_rounds,1,20261109,112,2,10,0
clustered_rounds,1,20261109,113,2,10,0
clustered_rounds,1,20261109,114,2,10,0
clustered_rounds,1,20261109,115,2,10,0
clustered_rounds,1,20261109,116,2,10,0
clustered_rounds,1,20261109,117,2,10,0
clustered_rounds,1,20261109,118,2,10,0
clustered_rounds,1,20261109,119,2,10,0
burst_requests,1,20261110,0,2,10,0
burst_requests,1,20261110,1,0,10,0
burst_requests,1,20261110,2,2,10,0
burst_requests,1,20261110,3,0,10,0
burst_requests,1,20261110,4,1,10,0
burst_requests,1,20261110,5,2,10,0
burst_requests,1,20261110,6,2,10,0
burst_requests,1,20261110,7,0,10,0
burst_requests,1,20261110,8,0,10,0
burst_requests,1,20261110,9,2,10,0
burst_requests,1,20261110,10,1,10,0
burst_requests,1,20261110,11,2,10,0
burst_requests,1,20261110,12,2,10,0
burst_requests,1,20261110,13,0,10,0
burst_requests,1,20261110,14,0,10,0
burst_requests,1,20261110,15,1,10,0
burst_requests,1,20261110,16,1,10,0
burst_requests,1,20261110,17,2,10,0
burst_requests,1,20261110,18,1,10,0
burst_requests,1,20261110,19,1,10,0
burst_requests,1,20261110,20,2,10,0
burst_requests,1,20261110,21,2,10,0
burst_requests,1,20261110,22,0,10,0
burst_requests,1,20261110,23,0,10,0
burst_requests,1,20261110,24,0,10,0
burst_requests,1,20261110,25,0,10,0
burst_requests,1,20261110,26,0,10,0
burst_requests,1,20261110,27,2,10,0
burst_requests,1,20261110,28,0,10,0
burst_requests,1,20261110,29,1,10,0
burst_requests,1,20261110,30,0,10,0
burst_requests,1,20261110,31,1,10,0
burst_requests,1,20261110,32,0,10,0
burst_requests,1,20261110,33,2,10,0
burst_requests,1,20261110,34,1,10,0
burst_requests,1,20261110,35,0,10,0
burst_requests,1,20261110,36,0,10,0
burst_requests,1,20261110,37,1,10,0
burst_requests,1,20261110,38,0,10,0
burst_requests,1,20261110,39,0,10,0
burst_requests,1,20261110,40,2,10,200
burst_requests,1,20261110,41,1,10,200
burst_requests,1,20261110,42,0,10,200
burst_requests,1,20261110,43,2,10,200
burst_requests,1,20261110,44,1,10,200
burst_requests,1,20261110,45,2,10,200
burst_requests,1,20261110,46,1,10,200
burst_requests,1,20261110,47,1,10,200
burst_requests,1,20261110,48,0,10,200
burst_requests,1,20261110,49,1,10,200
burst_requests,1,20261110,50,0,10,200
burst_requests,1,20261110,51,2,10,200
burst_requests,1,20261110,52,2,10,200
burst_requests,1,20261110,53,2,10,200
burst_requests,1,20261110,54,2,10,200
burst_requests,1,20261110,55,1,10,200
burst_requests,1,20261110,56,2,10,200
burst_requests,1,20261110,57,0,10,200
burst_requests,1,20261110,58,1,10,200
burst_requests,1,20261110,59,1,10,200
burst_requests,1,20261110,60,1,10,200
burst_requests,1,20261110,61,0,10,200
burst_requests,1,20261110,62,2,10,200
burst_requests,1,20261110,63,0,10,200
burst_requests,1,20261110,64,0,10,200
burst_requests,1,20261110,65,2,10,200
burst_requests,1,20261110,66,2,10,200
burst_requests,1,20261110,67,2,10,200
burst_requests,1,20261110,68,1,10,200
burst_requests,1,20261110,69,1,10,200
burst_requests,1,20261110,70,1,10,200
burst_requests,1,20261110,71,2,10,200
burst_requests,1,20261110,72,1,10,200
burst_requests,1,20261110,73,1,10,200
burst_requests,1,20261110,74,1,10,200
burst_requests,1,20261110,75,2,10,200
burst_requests,1,20261110,76,0,10,200
burst_requests,1,20261110,77,0,10,200
burst_requests,1,20261110,78,2,10,200
burst_requests,1,20261110,79,1,10,200
burst_requests,1,20261110,80,0,10,400
burst_requests,1,20261110,81,1,10,400
burst_requests,1,20261110,82,0,10,400
burst_requests,1,20261110,83,1,10,400
burst_requests,1,20261110,84,0,10,400
burst_requests,1,20261110,85,0,10,400
burst_requests,1,20261110,86,1,10,400
burst_requests,1,20261110,87,0,10,400
burst_requests,1,20261110,88,0,10,400
burst_requests,1,20261110,89,1,10,400
burst_requests,1,20261110,90,1,10,400
burst_requests,1,20261110,91,2,10,400
burst_requests,1,20261110,92,0,10,400
burst_requests,1,20261110,93,2,10,400
burst_requests,1,20261110,94,0,10,400
burst_requests,1,20261110,95,0,10,400
burst_requests,1,20261110,96,2,10,400
burst_requests,1,20261110,97,1,10,400
burst_requests,1,20261110,98,2,10,400
burst_requests,1,20261110,99,2,10,400
burst_requests,1,20261110,100,2,10,400
burst_requests,1,20261110,101,1,10,400
burst_requests,1,20261110,102,2,10,400
burst_requests,1,20261110,103,2,10,400
burst_requests,1,20261110,104,1,10,400
burst_requests,1,20261110,105,1,10,400
burst_requests,1,20261110,106,1,10,400
burst_requests,1,20261110,107,2,10,400
burst_requests,1,20261110,108,1,10,400
burst_requests,1,20261110,109,2,10,400
burst_requests,1,20261110,110,0,10,400
burst_requests,1,20261110,111,1,10,400
burst_requests,1,20261110,112,2,10,400
burst_requests,1,20261110,113,0,10,400
burst_requests,1,20261110,114,1,10,400
burst_requests,1,20261110,115,2,10,400
burst_requests,1,20261110,116,0,10,400
burst_requests,1,20261110,117,2,10,400
burst_requests,1,20261110,118,0,10,400
burst_requests,1,20261110,119,1,10,400
multi_ward,1,20261111,0,4,10,0
multi_ward,1,20261111,1,3,10,0
multi_ward,1,20261111,2,4,10,0
multi_ward,1,20261111,3,4,10,0
multi_ward,1,20261111,4,5,10,0
multi_ward,1,20261111,5,2,10,0
multi_ward,1,20261111,6,0,10,0
multi_ward,1,20261111,7,4,10,0
multi_ward,1,20261111,8,2,10,0
multi_ward,1,20261111,9,5,10,0
multi_ward,1,20261111,10,3,10,0
multi_ward,1,20261111,11,4,10,0
multi_ward,1,20261111,12,5,10,0
multi_ward,1,20261111,13,2,10,0
multi_ward,1,20261111,14,5,10,0
multi_ward,1,20261111,15,3,10,0
multi_ward,1,20261111,16,2,10,0
multi_ward,1,20261111,17,5,10,0
multi_ward,1,20261111,18,2,10,0
multi_ward,1,20261111,19,2,10,0
multi_ward,1,20261111,20,4,10,0
multi_ward,1,20261111,21,2,10,0
multi_ward,1,20261111,22,4,10,0
multi_ward,1,20261111,23,4,10,0
multi_ward,1,20261111,24,5,10,0
multi_ward,1,20261111,25,1,10,0
multi_ward,1,20261111,26,1,10,0
multi_ward,1,20261111,27,3,10,0
multi_ward,1,20261111,28,0,10,0
multi_ward,1,20261111,29,1,10,0
multi_ward,1,20261111,30,0,10,0
multi_ward,1,20261111,31,1,10,0
multi_ward,1,20261111,32,0,10,0
multi_ward,1,20261111,33,2,10,0
multi_ward,1,20261111,34,0,10,0
multi_ward,1,20261111,35,3,10,0
multi_ward,1,20261111,36,3,10,0
multi_ward,1,20261111,37,3,10,0
multi_ward,1,20261111,38,4,10,0
multi_ward,1,20261111,39,2,10,0
multi_ward,1,20261111,40,4,10,0
multi_ward,1,20261111,41,1,10,0
multi_ward,1,20261111,42,1,10,0
multi_ward,1,20261111,43,5,10,0
multi_ward,1,20261111,44,5,10,0
multi_ward,1,20261111,45,3,10,0
multi_ward,1,20261111,46,1,10,0
multi_ward,1,20261111,47,1,10,0
multi_ward,1,20261111,48,3,10,0
multi_ward,1,20261111,49,3,10,0
multi_ward,1,20261111,50,5,10,0
multi_ward,1,20261111,51,2,10,0
multi_ward,1,20261111,52,1,10,0
multi_ward,1,20261111,53,0,10,0
multi_ward,1,20261111,54,2,10,0
multi_ward,1,20261111,55,1,10,0
multi_ward,1,20261111,56,4,10,0
multi_ward,1,20261111,57,5,10,0
multi_ward,1,20261111,58,4,10,0
multi_ward,1,20261111,59,3,10,0
multi_ward,1,20261111,60,1,10,0
multi_ward,1,20261111,61,3,10,0
multi_ward,1,20261111,62,2,10,0
multi_ward,1,20261111,63,1,10,0
multi_ward,1,20261111,64,1,10,0
multi_ward,1,20261111,65,5,10,0
multi_ward,1,20261111,66,5,10,0
multi_ward,1,20261111,67,0,10,0
multi_ward,1,20261111,68,0,10,0
multi_ward,1,20261111,69,5,10,0
multi_ward,1,20261111,70,2,10,0
multi_ward,1,20261111,71,0,10,0
multi_ward,1,20261111,72,2,10,0
multi_ward,1,20261111,73,2,10,0
multi_ward,1,20261111,74,0,10,0
multi_ward,1,20261111,75,0,10,0
multi_ward,1,20261111,76,2,10,0
multi_ward,1,20261111,77,5,10,0
multi_ward,1,20261111,78,4,10,0
multi_ward,1,20261111,79,5,10,0
multi_ward,1,20261111,80,4,10,0
multi_ward,1,20261111,81,5,10,0
multi_ward,1,20261111,82,4,10,0
multi_ward,1,20261111,83,0,10,0
multi_ward,1,20261111,84,1,10,0
multi_ward,1,20261111,85,0,10,0
multi_ward,1,20261111,86,0,10,0
multi_ward,1,20261111,87,3,10,0
multi_ward,1,20261111,88,2,10,0
multi_ward,1,20261111,89,5,10,0
multi_ward,1,20261111,90,3,10,0
multi_ward,1,20261111,91,0,10,0
multi_ward,1,20261111,92,4,10,0
multi_ward,1,20261111,93,4,10,0
multi_ward,1,20261111,94,2,10,0
multi_ward,1,20261111,95,2,10,0
multi_ward,1,20261111,96,3,10,0
multi_ward,1,20261111,97,5,10,0
multi_ward,1,20261111,98,1,10,0
multi_ward,1,20261111,99,1,10,0
multi_ward,1,20261111,100,1,10,0
multi_ward,1,20261111,101,1,10,0
multi_ward,1,20261111,102,3,10,0
multi_ward,1,20261111,103,4,10,0
multi_ward,1,20261111,104,0,10,0
multi_ward,1,20261111,105,1,10,0
multi_ward,1,20261111,106,0,10,0
multi_ward,1,20261111,107,4,10,0
multi_ward,1,20261111,108,4,10,0
multi_ward,1,20261111,109,3,10,0
multi_ward,1,20261111,110,3,10,0
multi_ward,1,20261111,111,5,10,0
multi_ward,1,20261111,112,1,10,0
multi_ward,1,20261111,113,3,10,0
multi_ward,1,20261111,114,3,10,0
multi_ward,1,20261111,115,2,10,0
multi_ward,1,20261111,116,0,10,0
multi_ward,1,20261111,117,0,10,0
multi_ward,1,20261111,118,5,10,0
multi_ward,1,20261111,119,0,10,0
ward_delivery,2,20261206,0,2,10,0
ward_delivery,2,20261206,1,0,10,0
ward_delivery,2,20261206,2,1,10,0
ward_delivery,2,20261206,3,0,10,0
ward_delivery,2,20261206,4,2,10,0
ward_delivery,2,20261206,5,1,10,0
ward_delivery,2,20261206,6,2,10,0
ward_delivery,2,20261206,7,2,10,0
ward_delivery,2,20261206,8,1,10,0
ward_delivery,2,20261206,9,1,10,0
ward_delivery,2,20261206,10,0,10,0
ward_delivery,2,20261206,11,1,10,0
ward_delivery,2,20261206,12,1,10,0
ward_delivery,2,20261206,13,1,10,0
ward_delivery,2,20261206,14,2,10,0
ward_delivery,2,20261206,15,0,10,0
ward_delivery,2,20261206,16,2,10,0
ward_delivery,2,20261206,17,2,10,0
ward_delivery,2,20261206,18,1,10,0
ward_delivery,2,20261206,19,0,10,0
ward_delivery,2,20261206,20,1,10,0
ward_delivery,2,20261206,21,1,10,0
ward_delivery,2,20261206,22,2,10,0
ward_delivery,2,20261206,23,2,10,0
ward_delivery,2,20261206,24,2,10,0
ward_delivery,2,20261206,25,0,10,0
ward_delivery,2,20261206,26,1,10,0
ward_delivery,2,20261206,27,1,10,0
ward_delivery,2,20261206,28,1,10,0
ward_delivery,2,20261206,29,1,10,0
ward_delivery,2,20261206,30,0,10,0
ward_delivery,2,20261206,31,2,10,0
ward_delivery,2,20261206,32,0,10,0
ward_delivery,2,20261206,33,1,10,0
ward_delivery,2,20261206,34,1,10,0
ward_delivery,2,20261206,35,1,10,0
ward_delivery,2,20261206,36,0,10,0
ward_delivery,2,20261206,37,1,10,0
ward_delivery,2,20261206,38,2,10,0
ward_delivery,2,20261206,39,0,10,0
ward_delivery,2,20261206,40,0,10,0
ward_delivery,2,20261206,41,1,10,0
ward_delivery,2,20261206,42,0,10,0
ward_delivery,2,20261206,43,2,10,0
ward_delivery,2,20261206,44,2,10,0
ward_delivery,2,20261206,45,0,10,0
ward_delivery,2,20261206,46,0,10,0
ward_delivery,2,20261206,47,0,10,0
ward_delivery,2,20261206,48,1,10,0
ward_delivery,2,20261206,49,1,10,0
ward_delivery,2,20261206,50,0,10,0
ward_delivery,2,20261206,51,2,10,0
ward_delivery,2,20261206,52,1,10,0
ward_delivery,2,20261206,53,0,10,0
ward_delivery,2,20261206,54,1,10,0
ward_delivery,2,20261206,55,0,10,0
ward_delivery,2,20261206,56,1,10,0
ward_delivery,2,20261206,57,1,10,0
ward_delivery,2,20261206,58,2,10,0
ward_delivery,2,20261206,59,0,10,0
ward_delivery,2,20261206,60,1,10,0
ward_delivery,2,20261206,61,2,10,0
ward_delivery,2,20261206,62,2,10,0
ward_delivery,2,20261206,63,0,10,0
ward_delivery,2,20261206,64,0,10,0
ward_delivery,2,20261206,65,1,10,0
ward_delivery,2,20261206,66,2,10,0
ward_delivery,2,20261206,67,2,10,0
ward_delivery,2,20261206,68,0,10,0
ward_delivery,2,20261206,69,0,10,0
ward_delivery,2,20261206,70,1,10,0
ward_delivery,2,20261206,71,0,10,0
ward_delivery,2,20261206,72,1,10,0
ward_delivery,2,20261206,73,2,10,0
ward_delivery,2,20261206,74,1,10,0
ward_delivery,2,20261206,75,2,10,0
ward_delivery,2,20261206,76,1,10,0
ward_delivery,2,20261206,77,2,10,0
ward_delivery,2,20261206,78,1,10,0
ward_delivery,2,20261206,79,0,10,0
ward_delivery,2,20261206,80,2,10,0
ward_delivery,2,20261206,81,2,10,0
ward_delivery,2,20261206,82,2,10,0
ward_delivery,2,20261206,83,2,10,0
ward_delivery,2,20261206,84,2,10,0
ward_delivery,2,20261206,85,0,10,0
ward_delivery,2,20261206,86,2,10,0
ward_delivery,2,20261206,87,1,10,0
ward_delivery,2,20261206,88,2,10,0
ward_delivery,2,20261206,89,0,10,0
ward_delivery,2,20261206,90,2,10,0
ward_delivery,2,20261206,91,0,10,0
ward_delivery,2,20261206,92,2,10,0
ward_delivery,2,20261206,93,1,10,0
ward_delivery,2,20261206,94,2,10,0
ward_delivery,2,20261206,95,2,10,0
ward_delivery,2,20261206,96,1,10,0
ward_delivery,2,20261206,97,0,10,0
ward_delivery,2,20261206,98,2,10,0
ward_delivery,2,20261206,99,1,10,0
ward_delivery,2,20261206,100,1,10,0
ward_delivery,2,20261206,101,0,10,0
ward_delivery,2,20261206,102,0,10,0
ward_delivery,2,20261206,103,0,10,0
ward_delivery,2,20261206,104,2,10,0
ward_delivery,2,20261206,105,2,10,0
ward_delivery,2,20261206,106,1,10,0
ward_delivery,2,20261206,107,0,10,0
ward_delivery,2,20261206,108,0,10,0
ward_delivery,2,20261206,109,0,10,0
ward_delivery,2,20261206,110,2,10,0
ward_delivery,2,20261206,111,0,10,0
ward_delivery,2,20261206,112,1,10,0
ward_delivery,2,20261206,113,2,10,0
ward_delivery,2,20261206,114,0,10,0
ward_delivery,2,20261206,115,0,10,0
ward_delivery,2,20261206,116,0,10,0
ward_delivery,2,20261206,117,1,10,0
ward_delivery,2,20261206,118,0,10,0
ward_delivery,2,20261206,119,2,10,0
pharmacy_hotspot,2,20261207,0,1,10,0
pharmacy_hotspot,2,20261207,1,0,10,0
pharmacy_hotspot,2,20261207,2,2,10,0
pharmacy_hotspot,2,20261207,3,0,10,0
pharmacy_hotspot,2,20261207,4,0,10,0
pharmacy_hotspot,2,20261207,5,0,10,0
pharmacy_hotspot,2,20261207,6,0,10,0
pharmacy_hotspot,2,20261207,7,0,10,0
pharmacy_hotspot,2,20261207,8,1,10,0
pharmacy_hotspot,2,20261207,9,0,10,0
pharmacy_hotspot,2,20261207,10,0,10,0
pharmacy_hotspot,2,20261207,11,0,10,0
pharmacy_hotspot,2,20261207,12,0,10,0
pharmacy_hotspot,2,20261207,13,0,10,0
pharmacy_hotspot,2,20261207,14,0,10,0
pharmacy_hotspot,2,20261207,15,0,10,0
pharmacy_hotspot,2,20261207,16,0,10,0
pharmacy_hotspot,2,20261207,17,0,10,0
pharmacy_hotspot,2,20261207,18,0,10,0
pharmacy_hotspot,2,20261207,19,0,10,0
pharmacy_hotspot,2,20261207,20,0,10,0
pharmacy_hotspot,2,20261207,21,0,10,0
pharmacy_hotspot,2,20261207,22,0,10,0
pharmacy_hotspot,2,20261207,23,1,10,0
pharmacy_hotspot,2,20261207,24,1,10,0
pharmacy_hotspot,2,20261207,25,1,10,0
pharmacy_hotspot,2,20261207,26,0,10,0
pharmacy_hotspot,2,20261207,27,2,10,0
pharmacy_hotspot,2,20261207,28,0,10,0
pharmacy_hotspot,2,20261207,29,0,10,0
pharmacy_hotspot,2,20261207,30,0,10,0
pharmacy_hotspot,2,20261207,31,0,10,0
pharmacy_hotspot,2,20261207,32,1,10,0
pharmacy_hotspot,2,20261207,33,2,10,0
pharmacy_hotspot,2,20261207,34,0,10,0
pharmacy_hotspot,2,20261207,35,0,10,0
pharmacy_hotspot,2,20261207,36,0,10,0
pharmacy_hotspot,2,20261207,37,0,10,0
pharmacy_hotspot,2,20261207,38,0,10,0
pharmacy_hotspot,2,20261207,39,0,10,0
pharmacy_hotspot,2,20261207,40,0,10,0
pharmacy_hotspot,2,20261207,41,0,10,0
pharmacy_hotspot,2,20261207,42,2,10,0
pharmacy_hotspot,2,20261207,43,0,10,0
pharmacy_hotspot,2,20261207,44,2,10,0
pharmacy_hotspot,2,20261207,45,0,10,0
pharmacy_hotspot,2,20261207,46,0,10,0
pharmacy_hotspot,2,20261207,47,0,10,0
pharmacy_hotspot,2,20261207,48,0,10,0
pharmacy_hotspot,2,20261207,49,0,10,0
pharmacy_hotspot,2,20261207,50,2,10,0
pharmacy_hotspot,2,20261207,51,0,10,0
pharmacy_hotspot,2,20261207,52,1,10,0
pharmacy_hotspot,2,20261207,53,2,10,0
pharmacy_hotspot,2,20261207,54,0,10,0
pharmacy_hotspot,2,20261207,55,0,10,0
pharmacy_hotspot,2,20261207,56,0,10,0
pharmacy_hotspot,2,20261207,57,0,10,0
pharmacy_hotspot,2,20261207,58,1,10,0
pharmacy_hotspot,2,20261207,59,0,10,0
pharmacy_hotspot,2,20261207,60,1,10,0
pharmacy_hotspot,2,20261207,61,0,10,0
pharmacy_hotspot,2,20261207,62,0,10,0
pharmacy_hotspot,2,20261207,63,0,10,0
pharmacy_hotspot,2,20261207,64,0,10,0
pharmacy_hotspot,2,20261207,65,0,10,0
pharmacy_hotspot,2,20261207,66,0,10,0
pharmacy_hotspot,2,20261207,67,0,10,0
pharmacy_hotspot,2,20261207,68,0,10,0
pharmacy_hotspot,2,20261207,69,2,10,0
pharmacy_hotspot,2,20261207,70,0,10,0
pharmacy_hotspot,2,20261207,71,0,10,0
pharmacy_hotspot,2,20261207,72,0,10,0
pharmacy_hotspot,2,20261207,73,0,10,0
pharmacy_hotspot,2,20261207,74,1,10,0
pharmacy_hotspot,2,20261207,75,2,10,0
pharmacy_hotspot,2,20261207,76,0,10,0
pharmacy_hotspot,2,20261207,77,0,10,0
pharmacy_hotspot,2,20261207,78,0,10,0
pharmacy_hotspot,2,20261207,79,0,10,0
pharmacy_hotspot,2,20261207,80,0,10,0
pharmacy_hotspot,2,20261207,81,0,10,0
pharmacy_hotspot,2,20261207,82,0,10,0
pharmacy_hotspot,2,20261207,83,0,10,0
pharmacy_hotspot,2,20261207,84,0,10,0
pharmacy_hotspot,2,20261207,85,0,10,0
pharmacy_hotspot,2,20261207,86,0,10,0
pharmacy_hotspot,2,20261207,87,0,10,0
pharmacy_hotspot,2,20261207,88,0,10,0
pharmacy_hotspot,2,20261207,89,0,10,0
pharmacy_hotspot,2,20261207,90,0,10,0
pharmacy_hotspot,2,20261207,91,1,10,0
pharmacy_hotspot,2,20261207,92,1,10,0
pharmacy_hotspot,2,20261207,93,0,10,0
pharmacy_hotspot,2,20261207,94,0,10,0
pharmacy_hotspot,2,20261207,95,2,10,0
pharmacy_hotspot,2,20261207,96,0,10,0
pharmacy_hotspot,2,20261207,97,0,10,0
pharmacy_hotspot,2,20261207,98,0,10,0
pharmacy_hotspot,2,20261207,99,0,10,0
pharmacy_hotspot,2,20261207,100,0,10,0
pharmacy_hotspot,2,20261207,101,0,10,0
pharmacy_hotspot,2,20261207,102,0,10,0
pharmacy_hotspot,2,20261207,103,0,10,0
pharmacy_hotspot,2,20261207,104,2,10,0
pharmacy_hotspot,2,20261207,105,0,10,0
pharmacy_hotspot,2,20261207,106,0,10,0
pharmacy_hotspot,2,20261207,107,0,10,0
pharmacy_hotspot,2,20261207,108,0,10,0
pharmacy_hotspot,2,20261207,109,2,10,0
pharmacy_hotspot,2,20261207,110,0,10,0
pharmacy_hotspot,2,20261207,111,0,10,0
pharmacy_hotspot,2,20261207,112,0,10,0
pharmacy_hotspot,2,20261207,113,0,10,0
pharmacy_hotspot,2,20261207,114,0,10,0
pharmacy_hotspot,2,20261207,115,0,10,0
pharmacy_hotspot,2,20261207,116,0,10,0
pharmacy_hotspot,2,20261207,117,0,10,0
pharmacy_hotspot,2,20261207,118,0,10,0
pharmacy_hotspot,2,20261207,119,0,10,0
mixed_services,2,20261208,0,1,5,0
mixed_services,2,20261208,1,1,5,0
mixed_services,2,20261208,2,1,10,0
mixed_services,2,20261208,3,0,10,0
mixed_services,2,20261208,4,0,5,0
mixed_services,2,20261208,5,1,10,0
mixed_services,2,20261208,6,2,5,0
mixed_services,2,20261208,7,2,10,0
mixed_services,2,20261208,8,0,10,0
mixed_services,2,20261208,9,0,5,0
mixed_services,2,20261208,10,2,5,0
mixed_services,2,20261208,11,1,40,0
mixed_services,2,20261208,12,0,5,0
mixed_services,2,20261208,13,1,40,0
mixed_services,2,20261208,14,0,40,0
mixed_services,2,20261208,15,1,40,0
mixed_services,2,20261208,16,2,10,0
mixed_services,2,20261208,17,2,5,0
mixed_services,2,20261208,18,2,40,0
mixed_services,2,20261208,19,1,5,0
mixed_services,2,20261208,20,2,10,0
mixed_services,2,20261208,21,1,10,0
mixed_services,2,20261208,22,2,10,0
mixed_services,2,20261208,23,0,10,0
mixed_services,2,20261208,24,0,40,0
mixed_services,2,20261208,25,0,10,0
mixed_services,2,20261208,26,0,5,0
mixed_services,2,20261208,27,2,5,0
mixed_services,2,20261208,28,1,40,0
mixed_services,2,20261208,29,0,40,0
mixed_services,2,20261208,30,1,10,0
mixed_services,2,20261208,31,0,40,0
mixed_services,2,20261208,32,0,10,0
mixed_services,2,20261208,33,2,10,0
mixed_services,2,20261208,34,2,40,0
mixed_services,2,20261208,35,2,5,0
mixed_services,2,20261208,36,0,10,0
mixed_services,2,20261208,37,2,40,0
mixed_services,2,20261208,38,2,5,0
mixed_services,2,20261208,39,2,40,0
mixed_services,2,20261208,40,1,5,0
mixed_services,2,20261208,41,0,5,0
mixed_services,2,20261208,42,0,40,0
mixed_services,2,20261208,43,2,10,0
mixed_services,2,20261208,44,1,10,0
mixed_services,2,20261208,45,1,5,0
mixed_services,2,20261208,46,0,10,0
mixed_services,2,20261208,47,1,10,0
mixed_services,2,20261208,48,0,10,0
mixed_services,2,20261208,49,0,40,0
mixed_services,2,20261208,50,2,10,0
mixed_services,2,20261208,51,1,40,0
mixed_services,2,20261208,52,0,5,0
mixed_services,2,20261208,53,2,10,0
mixed_services,2,20261208,54,2,40,0
mixed_services,2,20261208,55,0,5,0
mixed_services,2,20261208,56,0,40,0
mixed_services,2,20261208,57,1,10,0
mixed_services,2,20261208,58,1,5,0
mixed_services,2,20261208,59,2,40,0
mixed_services,2,20261208,60,1,40,0
mixed_services,2,20261208,61,1,10,0
mixed_services,2,20261208,62,1,40,0
mixed_services,2,20261208,63,2,5,0
mixed_services,2,20261208,64,2,5,0
mixed_services,2,20261208,65,2,5,0
mixed_services,2,20261208,66,1,5,0
mixed_services,2,20261208,67,0,5,0
mixed_services,2,20261208,68,0,40,0
mixed_services,2,20261208,69,1,5,0
mixed_services,2,20261208,70,1,5,0
mixed_services,2,20261208,71,2,40,0
mixed_services,2,20261208,72,2,40,0
mixed_services,2,20261208,73,2,40,0
mixed_services,2,20261208,74,2,40,0
mixed_services,2,20261208,75,1,5,0
mixed_services,2,20261208,76,0,40,0
mixed_services,2,20261208,77,0,10,0
mixed_services,2,20261208,78,1,40,0
mixed_services,2,20261208,79,2,40,0
mixed_services,2,20261208,80,1,40,0
mixed_services,2,20261208,81,1,40,0
mixed_services,2,20261208,82,2,40,0
mixed_services,2,20261208,83,1,5,0
mixed_services,2,20261208,84,1,40,0
mixed_services,2,20261208,85,0,5,0
mixed_services,2,20261208,86,0,5,0
mixed_services,2,20261208,87,0,40,0
mixed_services,2,20261208,88,1,10,0
mixed_services,2,20261208,89,1,5,0
mixed_services,2,20261208,90,2,10,0
mixed_services,2,20261208,91,1,10,0
mixed_services,2,20261208,92,2,10,0
mixed_services,2,20261208,93,0,5,0
mixed_services,2,20261208,94,1,10,0
mixed_services,2,20261208,95,0,10,0
mixed_services,2,20261208,96,2,5,0
mixed_services,2,20261208,97,2,40,0
mixed_services,2,20261208,98,0,5,0
mixed_services,2,20261208,99,0,10,0
mixed_services,2,20261208,100,0,10,0
mixed_services,2,20261208,101,1,10,0
mixed_services,2,20261208,102,1,5,0
mixed_services,2,20261208,103,1,40,0
mixed_services,2,20261208,104,1,5,0
mixed_services,2,20261208,105,0,5,0
mixed_services,2,20261208,106,2,10,0
mixed_services,2,20261208,107,2,5,0
mixed_services,2,20261208,108,2,5,0
mixed_services,2,20261208,109,1,40,0
mixed_services,2,20261208,110,0,40,0
mixed_services,2,20261208,111,0,10,0
mixed_services,2,20261208,112,0,40,0
mixed_services,2,20261208,113,2,10,0
mixed_services,2,20261208,114,0,40,0
mixed_services,2,20261208,115,1,10,0
mixed_services,2,20261208,116,2,5,0
mixed_services,2,20261208,117,2,5,0
mixed_services,2,20261208,118,0,5,0
mixed_services,2,20261208,119,2,10,0
clustered_rounds,2,20261209,0,0,10,0
clustered_rounds,2,20261209,1,0,10,0
clustered_rounds,2,20261209,2,0,10,0
clustered_rounds,2,20261209,3,0,10,0
clustered_rounds,2,20261209,4,0,10,0
clustered_rounds,2,20261209,5,0,10,0
clustered_rounds,2,20261209,6,0,10,0
clustered_rounds,2,20261209,7,0,10,0
clustered_rounds,2,20261209,8,0,10,0
clustered_rounds,2,20261209,9,0,10,0
clustered_rounds,2,20261209,10,0,10,0
clustered_rounds,2,20261209,11,0,10,0
clustered_rounds,2,20261209,12,0,10,0
clustered_rounds,2,20261209,13,0,10,0
clustered_rounds,2,20261209,14,0,10,0
clustered_rounds,2,20261209,15,0,10,0
clustered_rounds,2,20261209,16,0,10,0
clustered_rounds,2,20261209,17,0,10,0
clustered_rounds,2,20261209,18,0,10,0
clustered_rounds,2,20261209,19,0,10,0
clustered_rounds,2,20261209,20,0,10,0
clustered_rounds,2,20261209,21,0,10,0
clustered_rounds,2,20261209,22,0,10,0
clustered_rounds,2,20261209,23,0,10,0
clustered_rounds,2,20261209,24,0,10,0
clustered_rounds,2,20261209,25,0,10,0
clustered_rounds,2,20261209,26,0,10,0
clustered_rounds,2,20261209,27,0,10,0
clustered_rounds,2,20261209,28,0,10,0
clustered_rounds,2,20261209,29,0,10,0
clustered_rounds,2,20261209,30,0,10,0
clustered_rounds,2,20261209,31,0,10,0
clustered_rounds,2,20261209,32,0,10,0
clustered_rounds,2,20261209,33,0,10,0
clustered_rounds,2,20261209,34,0,10,0
clustered_rounds,2,20261209,35,0,10,0
clustered_rounds,2,20261209,36,0,10,0
clustered_rounds,2,20261209,37,0,10,0
clustered_rounds,2,20261209,38,0,10,0
clustered_rounds,2,20261209,39,0,10,0
clustered_rounds,2,20261209,40,1,10,0
clustered_rounds,2,20261209,41,1,10,0
clustered_rounds,2,20261209,42,1,10,0
clustered_rounds,2,20261209,43,1,10,0
clustered_rounds,2,20261209,44,1,10,0
clustered_rounds,2,20261209,45,1,10,0
clustered_rounds,2,20261209,46,1,10,0
clustered_rounds,2,20261209,47,1,10,0
clustered_rounds,2,20261209,48,1,10,0
clustered_rounds,2,20261209,49,1,10,0
clustered_rounds,2,20261209,50,1,10,0
clustered_rounds,2,20261209,51,1,10,0
clustered_rounds,2,20261209,52,1,10,0
clustered_rounds,2,20261209,53,1,10,0
clustered_rounds,2,20261209,54,1,10,0
clustered_rounds,2,20261209,55,1,10,0
clustered_rounds,2,20261209,56,1,10,0
clustered_rounds,2,20261209,57,1,10,0
clustered_rounds,2,20261209,58,1,10,0
clustered_rounds,2,20261209,59,1,10,0
clustered_rounds,2,20261209,60,1,10,0
clustered_rounds,2,20261209,61,1,10,0
clustered_rounds,2,20261209,62,1,10,0
clustered_rounds,2,20261209,63,1,10,0
clustered_rounds,2,20261209,64,1,10,0
clustered_rounds,2,20261209,65,1,10,0
clustered_rounds,2,20261209,66,1,10,0
clustered_rounds,2,20261209,67,1,10,0
clustered_rounds,2,20261209,68,1,10,0
clustered_rounds,2,20261209,69,1,10,0
clustered_rounds,2,20261209,70,1,10,0
clustered_rounds,2,20261209,71,1,10,0
clustered_rounds,2,20261209,72,1,10,0
clustered_rounds,2,20261209,73,1,10,0
clustered_rounds,2,20261209,74,1,10,0
clustered_rounds,2,20261209,75,1,10,0
clustered_rounds,2,20261209,76,1,10,0
clustered_rounds,2,20261209,77,1,10,0
clustered_rounds,2,20261209,78,1,10,0
clustered_rounds,2,20261209,79,1,10,0
clustered_rounds,2,20261209,80,2,10,0
clustered_rounds,2,20261209,81,2,10,0
clustered_rounds,2,20261209,82,2,10,0
clustered_rounds,2,20261209,83,2,10,0
clustered_rounds,2,20261209,84,2,10,0
clustered_rounds,2,20261209,85,2,10,0
clustered_rounds,2,20261209,86,2,10,0
clustered_rounds,2,20261209,87,2,10,0
clustered_rounds,2,20261209,88,2,10,0
clustered_rounds,2,20261209,89,2,10,0
clustered_rounds,2,20261209,90,2,10,0
clustered_rounds,2,20261209,91,2,10,0
clustered_rounds,2,20261209,92,2,10,0
clustered_rounds,2,20261209,93,2,10,0
clustered_rounds,2,20261209,94,2,10,0
clustered_rounds,2,20261209,95,2,10,0
clustered_rounds,2,20261209,96,2,10,0
clustered_rounds,2,20261209,97,2,10,0
clustered_rounds,2,20261209,98,2,10,0
clustered_rounds,2,20261209,99,2,10,0
clustered_rounds,2,20261209,100,2,10,0
clustered_rounds,2,20261209,101,2,10,0
clustered_rounds,2,20261209,102,2,10,0
clustered_rounds,2,20261209,103,2,10,0
clustered_rounds,2,20261209,104,2,10,0
clustered_rounds,2,20261209,105,2,10,0
clustered_rounds,2,20261209,106,2,10,0
clustered_rounds,2,20261209,107,2,10,0
clustered_rounds,2,20261209,108,2,10,0
clustered_rounds,2,20261209,109,2,10,0
clustered_rounds,2,20261209,110,2,10,0
clustered_rounds,2,20261209,111,2,10,0
clustered_rounds,2,20261209,112,2,10,0
clustered_rounds,2,20261209,113,2,10,0
clustered_rounds,2,20261209,114,2,10,0
clustered_rounds,2,20261209,115,2,10,0
clustered_rounds,2,20261209,116,2,10,0
clustered_rounds,2,20261209,117,2,10,0
clustered_rounds,2,20261209,118,2,10,0
clustered_rounds,2,20261209,119,2,10,0
burst_requests,2,20261210,0,0,10,0
burst_requests,2,20261210,1,2,10,0
burst_requests,2,20261210,2,1,10,0
burst_requests,2,20261210,3,2,10,0
burst_requests,2,20261210,4,0,10,0
burst_requests,2,20261210,5,1,10,0
burst_requests,2,20261210,6,0,10,0
burst_requests,2,20261210,7,0,10,0
burst_requests,2,20261210,8,1,10,0
burst_requests,2,20261210,9,0,10,0
burst_requests,2,20261210,10,0,10,0
burst_requests,2,20261210,11,0,10,0
burst_requests,2,20261210,12,0,10,0
burst_requests,2,20261210,13,1,10,0
burst_requests,2,20261210,14,1,10,0
burst_requests,2,20261210,15,2,10,0
burst_requests,2,20261210,16,0,10,0
burst_requests,2,20261210,17,1,10,0
burst_requests,2,20261210,18,1,10,0
burst_requests,2,20261210,19,0,10,0
burst_requests,2,20261210,20,2,10,0
burst_requests,2,20261210,21,2,10,0
burst_requests,2,20261210,22,1,10,0
burst_requests,2,20261210,23,2,10,0
burst_requests,2,20261210,24,0,10,0
burst_requests,2,20261210,25,2,10,0
burst_requests,2,20261210,26,1,10,0
burst_requests,2,20261210,27,1,10,0
burst_requests,2,20261210,28,2,10,0
burst_requests,2,20261210,29,2,10,0
burst_requests,2,20261210,30,0,10,0
burst_requests,2,20261210,31,1,10,0
burst_requests,2,20261210,32,1,10,0
burst_requests,2,20261210,33,1,10,0
burst_requests,2,20261210,34,0,10,0
burst_requests,2,20261210,35,2,10,0
burst_requests,2,20261210,36,0,10,0
burst_requests,2,20261210,37,2,10,0
burst_requests,2,20261210,38,0,10,0
burst_requests,2,20261210,39,1,10,0
burst_requests,2,20261210,40,2,10,200
burst_requests,2,20261210,41,1,10,200
burst_requests,2,20261210,42,1,10,200
burst_requests,2,20261210,43,1,10,200
burst_requests,2,20261210,44,0,10,200
burst_requests,2,20261210,45,2,10,200
burst_requests,2,20261210,46,0,10,200
burst_requests,2,20261210,47,1,10,200
burst_requests,2,20261210,48,2,10,200
burst_requests,2,20261210,49,2,10,200
burst_requests,2,20261210,50,1,10,200
burst_requests,2,20261210,51,2,10,200
burst_requests,2,20261210,52,2,10,200
burst_requests,2,20261210,53,1,10,200
burst_requests,2,20261210,54,1,10,200
burst_requests,2,20261210,55,0,10,200
burst_requests,2,20261210,56,0,10,200
burst_requests,2,20261210,57,1,10,200
burst_requests,2,20261210,58,0,10,200
burst_requests,2,20261210,59,1,10,200
burst_requests,2,20261210,60,0,10,200
burst_requests,2,20261210,61,1,10,200
burst_requests,2,20261210,62,2,10,200
burst_requests,2,20261210,63,1,10,200
burst_requests,2,20261210,64,2,10,200
burst_requests,2,20261210,65,1,10,200
burst_requests,2,20261210,66,2,10,200
burst_requests,2,20261210,67,1,10,200
burst_requests,2,20261210,68,1,10,200
burst_requests,2,20261210,69,0,10,200
burst_requests,2,20261210,70,1,10,200
burst_requests,2,20261210,71,2,10,200
burst_requests,2,20261210,72,0,10,200
burst_requests,2,20261210,73,2,10,200
burst_requests,2,20261210,74,2,10,200
burst_requests,2,20261210,75,1,10,200
burst_requests,2,20261210,76,0,10,200
burst_requests,2,20261210,77,2,10,200
burst_requests,2,20261210,78,0,10,200
burst_requests,2,20261210,79,0,10,200
burst_requests,2,20261210,80,0,10,400
burst_requests,2,20261210,81,0,10,400
burst_requests,2,20261210,82,1,10,400
burst_requests,2,20261210,83,0,10,400
burst_requests,2,20261210,84,0,10,400
burst_requests,2,20261210,85,2,10,400
burst_requests,2,20261210,86,2,10,400
burst_requests,2,20261210,87,0,10,400
burst_requests,2,20261210,88,2,10,400
burst_requests,2,20261210,89,2,10,400
burst_requests,2,20261210,90,1,10,400
burst_requests,2,20261210,91,2,10,400
burst_requests,2,20261210,92,0,10,400
burst_requests,2,20261210,93,0,10,400
burst_requests,2,20261210,94,0,10,400
burst_requests,2,20261210,95,2,10,400
burst_requests,2,20261210,96,2,10,400
burst_requests,2,20261210,97,2,10,400
burst_requests,2,20261210,98,2,10,400
burst_requests,2,20261210,99,2,10,400
burst_requests,2,20261210,100,2,10,400
burst_requests,2,20261210,101,0,10,400
burst_requests,2,20261210,102,0,10,400
burst_requests,2,20261210,103,1,10,400
burst_requests,2,20261210,104,2,10,400
burst_requests,2,20261210,105,0,10,400
burst_requests,2,20261210,106,1,10,400
burst_requests,2,20261210,107,2,10,400
burst_requests,2,20261210,108,1,10,400
burst_requests,2,20261210,109,1,10,400
burst_requests,2,20261210,110,1,10,400
burst_requests,2,20261210,111,2,10,400
burst_requests,2,20261210,112,0,10,400
burst_requests,2,20261210,113,0,10,400
burst_requests,2,20261210,114,0,10,400
burst_requests,2,20261210,115,2,10,400
burst_requests,2,20261210,116,1,10,400
burst_requests,2,20261210,117,1,10,400
burst_requests,2,20261210,118,1,10,400
burst_requests,2,20261210,119,2,10,400
multi_ward,2,20261211,0,3,10,0
multi_ward,2,20261211,1,2,10,0
multi_ward,2,20261211,2,4,10,0
multi_ward,2,20261211,3,3,10,0
multi_ward,2,20261211,4,0,10,0
multi_ward,2,20261211,5,2,10,0
multi_ward,2,20261211,6,3,10,0
multi_ward,2,20261211,7,4,10,0
multi_ward,2,20261211,8,0,10,0
multi_ward,2,20261211,9,1,10,0
multi_ward,2,20261211,10,1,10,0
multi_ward,2,20261211,11,1,10,0
multi_ward,2,20261211,12,5,10,0
multi_ward,2,20261211,13,3,10,0
multi_ward,2,20261211,14,3,10,0
multi_ward,2,20261211,15,1,10,0
multi_ward,2,20261211,16,0,10,0
multi_ward,2,20261211,17,4,10,0
multi_ward,2,20261211,18,0,10,0
multi_ward,2,20261211,19,1,10,0
multi_ward,2,20261211,20,3,10,0
multi_ward,2,20261211,21,3,10,0
multi_ward,2,20261211,22,0,10,0
multi_ward,2,20261211,23,3,10,0
multi_ward,2,20261211,24,5,10,0
multi_ward,2,20261211,25,1,10,0
multi_ward,2,20261211,26,5,10,0
multi_ward,2,20261211,27,5,10,0
multi_ward,2,20261211,28,3,10,0
multi_ward,2,20261211,29,2,10,0
multi_ward,2,20261211,30,1,10,0
multi_ward,2,20261211,31,1,10,0
multi_ward,2,20261211,32,1,10,0
multi_ward,2,20261211,33,3,10,0
multi_ward,2,20261211,34,2,10,0
multi_ward,2,20261211,35,4,10,0
multi_ward,2,20261211,36,1,10,0
multi_ward,2,20261211,37,4,10,0
multi_ward,2,20261211,38,1,10,0
multi_ward,2,20261211,39,2,10,0
multi_ward,2,20261211,40,0,10,0
multi_ward,2,20261211,41,3,10,0
multi_ward,2,20261211,42,0,10,0
multi_ward,2,20261211,43,0,10,0
multi_ward,2,20261211,44,2,10,0
multi_ward,2,20261211,45,1,10,0
multi_ward,2,20261211,46,5,10,0
multi_ward,2,20261211,47,4,10,0
multi_ward,2,20261211,48,2,10,0
multi_ward,2,20261211,49,3,10,0
multi_ward,2,20261211,50,4,10,0
multi_ward,2,20261211,51,0,10,0
multi_ward,2,20261211,52,1,10,0
multi_ward,2,20261211,53,5,10,0
multi_ward,2,20261211,54,0,10,0
multi_ward,2,20261211,55,5,10,0
multi_ward,2,20261211,56,5,10,0
multi_ward,2,20261211,57,5,10,0
multi_ward,2,20261211,58,2,10,0
multi_ward,2,20261211,59,5,10,0
multi_ward,2,20261211,60,4,10,0
multi_ward,2,20261211,61,2,10,0
multi_ward,2,20261211,62,1,10,0
multi_ward,2,20261211,63,2,10,0
multi_ward,2,20261211,64,2,10,0
multi_ward,2,20261211,65,4,10,0
multi_ward,2,20261211,66,2,10,0
multi_ward,2,20261211,67,0,10,0
multi_ward,2,20261211,68,2,10,0
multi_ward,2,20261211,69,2,10,0
multi_ward,2,20261211,70,4,10,0
multi_ward,2,20261211,71,4,10,0
multi_ward,2,20261211,72,5,10,0
multi_ward,2,20261211,73,3,10,0
multi_ward,2,20261211,74,4,10,0
multi_ward,2,20261211,75,5,10,0
multi_ward,2,20261211,76,0,10,0
multi_ward,2,20261211,77,5,10,0
multi_ward,2,20261211,78,4,10,0
multi_ward,2,20261211,79,3,10,0
multi_ward,2,20261211,80,0,10,0
multi_ward,2,20261211,81,4,10,0
multi_ward,2,20261211,82,0,10,0
multi_ward,2,20261211,83,4,10,0
multi_ward,2,20261211,84,2,10,0
multi_ward,2,20261211,85,0,10,0
multi_ward,2,20261211,86,3,10,0
multi_ward,2,20261211,87,2,10,0
multi_ward,2,20261211,88,1,10,0
multi_ward,2,20261211,89,1,10,0
multi_ward,2,20261211,90,5,10,0
multi_ward,2,20261211,91,4,10,0
multi_ward,2,20261211,92,3,10,0
multi_ward,2,20261211,93,2,10,0
multi_ward,2,20261211,94,5,10,0
multi_ward,2,20261211,95,5,10,0
multi_ward,2,20261211,96,2,10,0
multi_ward,2,20261211,97,4,10,0
multi_ward,2,20261211,98,4,10,0
multi_ward,2,20261211,99,1,10,0
multi_ward,2,20261211,100,1,10,0
multi_ward,2,20261211,101,0,10,0
multi_ward,2,20261211,102,2,10,0
multi_ward,2,20261211,103,4,10,0
multi_ward,2,20261211,104,5,10,0
multi_ward,2,20261211,105,1,10,0
multi_ward,2,20261211,106,0,10,0
multi_ward,2,20261211,107,5,10,0
multi_ward,2,20261211,108,0,10,0
multi_ward,2,20261211,109,3,10,0
multi_ward,2,20261211,110,3,10,0
multi_ward,2,20261211,111,5,10,0
multi_ward,2,20261211,112,1,10,0
multi_ward,2,20261211,113,3,10,0
multi_ward,2,20261211,114,3,10,0
multi_ward,2,20261211,115,0,10,0
multi_ward,2,20261211,116,2,10,0
multi_ward,2,20261211,117,4,10,0
multi_ward,2,20261211,118,5,10,0
multi_ward,2,20261211,119,0,10,0
ward_delivery,3,20261306,0,2,10,0
ward_delivery,3,20261306,1,0,10,0
ward_delivery,3,20261306,2,2,10,0
ward_delivery,3,20261306,3,1,10,0
ward_delivery,3,20261306,4,0,10,0
ward_delivery,3,20261306,5,2,10,0
ward_delivery,3,20261306,6,1,10,0
ward_delivery,3,20261306,7,2,10,0
ward_delivery,3,20261306,8,1,10,0
ward_delivery,3,20261306,9,0,10,0
ward_delivery,3,20261306,10,1,10,0
ward_delivery,3,20261306,11,2,10,0
ward_delivery,3,20261306,12,0,10,0
ward_delivery,3,20261306,13,1,10,0
ward_delivery,3,20261306,14,0,10,0
ward_delivery,3,20261306,15,2,10,0
ward_delivery,3,20261306,16,2,10,0
ward_delivery,3,20261306,17,0,10,0
ward_delivery,3,20261306,18,0,10,0
ward_delivery,3,20261306,19,2,10,0
ward_delivery,3,20261306,20,2,10,0
ward_delivery,3,20261306,21,2,10,0
ward_delivery,3,20261306,22,0,10,0
ward_delivery,3,20261306,23,2,10,0
ward_delivery,3,20261306,24,1,10,0
ward_delivery,3,20261306,25,0,10,0
ward_delivery,3,20261306,26,2,10,0
ward_delivery,3,20261306,27,0,10,0
ward_delivery,3,20261306,28,2,10,0
ward_delivery,3,20261306,29,2,10,0
ward_delivery,3,20261306,30,0,10,0
ward_delivery,3,20261306,31,0,10,0
ward_delivery,3,20261306,32,0,10,0
ward_delivery,3,20261306,33,0,10,0
ward_delivery,3,20261306,34,1,10,0
ward_delivery,3,20261306,35,0,10,0
ward_delivery,3,20261306,36,1,10,0
ward_delivery,3,20261306,37,0,10,0
ward_delivery,3,20261306,38,2,10,0
ward_delivery,3,20261306,39,2,10,0
ward_delivery,3,20261306,40,0,10,0
ward_delivery,3,20261306,41,2,10,0
ward_delivery,3,20261306,42,1,10,0
ward_delivery,3,20261306,43,1,10,0
ward_delivery,3,20261306,44,1,10,0
ward_delivery,3,20261306,45,0,10,0
ward_delivery,3,20261306,46,2,10,0
ward_delivery,3,20261306,47,0,10,0
ward_delivery,3,20261306,48,1,10,0
ward_delivery,3,20261306,49,1,10,0
ward_delivery,3,20261306,50,1,10,0
ward_delivery,3,20261306,51,0,10,0
ward_delivery,3,20261306,52,0,10,0
ward_delivery,3,20261306,53,1,10,0
ward_delivery,3,20261306,54,1,10,0
ward_delivery,3,20261306,55,1,10,0
ward_delivery,3,20261306,56,1,10,0
ward_delivery,3,20261306,57,1,10,0
ward_delivery,3,20261306,58,2,10,0
ward_delivery,3,20261306,59,1,10,0
ward_delivery,3,20261306,60,0,10,0
ward_delivery,3,20261306,61,2,10,0
ward_delivery,3,20261306,62,2,10,0
ward_delivery,3,20261306,63,0,10,0
ward_delivery,3,20261306,64,2,10,0
ward_delivery,3,20261306,65,0,10,0
ward_delivery,3,20261306,66,2,10,0
ward_delivery,3,20261306,67,1,10,0
ward_delivery,3,20261306,68,2,10,0
ward_delivery,3,20261306,69,1,10,0
ward_delivery,3,20261306,70,1,10,0
ward_delivery,3,20261306,71,2,10,0
ward_delivery,3,20261306,72,0,10,0
ward_delivery,3,20261306,73,0,10,0
ward_delivery,3,20261306,74,2,10,0
ward_delivery,3,20261306,75,1,10,0
ward_delivery,3,20261306,76,0,10,0
ward_delivery,3,20261306,77,1,10,0
ward_delivery,3,20261306,78,2,10,0
ward_delivery,3,20261306,79,1,10,0
ward_delivery,3,20261306,80,1,10,0
ward_delivery,3,20261306,81,2,10,0
ward_delivery,3,20261306,82,0,10,0
ward_delivery,3,20261306,83,0,10,0
ward_delivery,3,20261306,84,0,10,0
ward_delivery,3,20261306,85,2,10,0
ward_delivery,3,20261306,86,2,10,0
ward_delivery,3,20261306,87,1,10,0
ward_delivery,3,20261306,88,2,10,0
ward_delivery,3,20261306,89,2,10,0
ward_delivery,3,20261306,90,0,10,0
ward_delivery,3,20261306,91,0,10,0
ward_delivery,3,20261306,92,1,10,0
ward_delivery,3,20261306,93,0,10,0
ward_delivery,3,20261306,94,0,10,0
ward_delivery,3,20261306,95,0,10,0
ward_delivery,3,20261306,96,2,10,0
ward_delivery,3,20261306,97,2,10,0
ward_delivery,3,20261306,98,1,10,0
ward_delivery,3,20261306,99,1,10,0
ward_delivery,3,20261306,100,1,10,0
ward_delivery,3,20261306,101,1,10,0
ward_delivery,3,20261306,102,2,10,0
ward_delivery,3,20261306,103,1,10,0
ward_delivery,3,20261306,104,1,10,0
ward_delivery,3,20261306,105,1,10,0
ward_delivery,3,20261306,106,2,10,0
ward_delivery,3,20261306,107,1,10,0
ward_delivery,3,20261306,108,2,10,0
ward_delivery,3,20261306,109,2,10,0
ward_delivery,3,20261306,110,0,10,0
ward_delivery,3,20261306,111,1,10,0
ward_delivery,3,20261306,112,0,10,0
ward_delivery,3,20261306,113,1,10,0
ward_delivery,3,20261306,114,1,10,0
ward_delivery,3,20261306,115,0,10,0
ward_delivery,3,20261306,116,0,10,0
ward_delivery,3,20261306,117,0,10,0
ward_delivery,3,20261306,118,2,10,0
ward_delivery,3,20261306,119,2,10,0
pharmacy_hotspot,3,20261307,0,2,10,0
pharmacy_hotspot,3,20261307,1,0,10,0
pharmacy_hotspot,3,20261307,2,0,10,0
pharmacy_hotspot,3,20261307,3,0,10,0
pharmacy_hotspot,3,20261307,4,0,10,0
pharmacy_hotspot,3,20261307,5,0,10,0
pharmacy_hotspot,3,20261307,6,0,10,0
pharmacy_hotspot,3,20261307,7,0,10,0
pharmacy_hotspot,3,20261307,8,1,10,0
pharmacy_hotspot,3,20261307,9,0,10,0
pharmacy_hotspot,3,20261307,10,0,10,0
pharmacy_hotspot,3,20261307,11,0,10,0
pharmacy_hotspot,3,20261307,12,0,10,0
pharmacy_hotspot,3,20261307,13,0,10,0
pharmacy_hotspot,3,20261307,14,0,10,0
pharmacy_hotspot,3,20261307,15,0,10,0
pharmacy_hotspot,3,20261307,16,1,10,0
pharmacy_hotspot,3,20261307,17,0,10,0
pharmacy_hotspot,3,20261307,18,1,10,0
pharmacy_hotspot,3,20261307,19,0,10,0
pharmacy_hotspot,3,20261307,20,0,10,0
pharmacy_hotspot,3,20261307,21,0,10,0
pharmacy_hotspot,3,20261307,22,0,10,0
pharmacy_hotspot,3,20261307,23,0,10,0
pharmacy_hotspot,3,20261307,24,0,10,0
pharmacy_hotspot,3,20261307,25,0,10,0
pharmacy_hotspot,3,20261307,26,0,10,0
pharmacy_hotspot,3,20261307,27,0,10,0
pharmacy_hotspot,3,20261307,28,0,10,0
pharmacy_hotspot,3,20261307,29,0,10,0
pharmacy_hotspot,3,20261307,30,0,10,0
pharmacy_hotspot,3,20261307,31,0,10,0
pharmacy_hotspot,3,20261307,32,0,10,0
pharmacy_hotspot,3,20261307,33,2,10,0
pharmacy_hotspot,3,20261307,34,0,10,0
pharmacy_hotspot,3,20261307,35,2,10,0
pharmacy_hotspot,3,20261307,36,0,10,0
pharmacy_hotspot,3,20261307,37,0,10,0
pharmacy_hotspot,3,20261307,38,1,10,0
pharmacy_hotspot,3,20261307,39,2,10,0
pharmacy_hotspot,3,20261307,40,0,10,0
pharmacy_hotspot,3,20261307,41,0,10,0
pharmacy_hotspot,3,20261307,42,0,10,0
pharmacy_hotspot,3,20261307,43,2,10,0
pharmacy_hotspot,3,20261307,44,0,10,0
pharmacy_hotspot,3,20261307,45,0,10,0
pharmacy_hotspot,3,20261307,46,1,10,0
pharmacy_hotspot,3,20261307,47,0,10,0
pharmacy_hotspot,3,20261307,48,0,10,0
pharmacy_hotspot,3,20261307,49,0,10,0
pharmacy_hotspot,3,20261307,50,0,10,0
pharmacy_hotspot,3,20261307,51,1,10,0
pharmacy_hotspot,3,20261307,52,0,10,0
pharmacy_hotspot,3,20261307,53,1,10,0
pharmacy_hotspot,3,20261307,54,0,10,0
pharmacy_hotspot,3,20261307,55,1,10,0
pharmacy_hotspot,3,20261307,56,2,10,0
pharmacy_hotspot,3,20261307,57,0,10,0
pharmacy_hotspot,3,20261307,58,0,10,0
pharmacy_hotspot,3,20261307,59,0,10,0
pharmacy_hotspot,3,20261307,60,0,10,0
pharmacy_hotspot,3,20261307,61,0,10,0
pharmacy_hotspot,3,20261307,62,0,10,0
pharmacy_hotspot,3,20261307,63,0,10,0
pharmacy_hotspot,3,20261307,64,0,10,0
pharmacy_hotspot,3,20261307,65,0,10,0
pharmacy_hotspot,3,20261307,66,0,10,0
pharmacy_hotspot,3,20261307,67,0,10,0
pharmacy_hotspot,3,20261307,68,0,10,0
pharmacy_hotspot,3,20261307,69,0,10,0
pharmacy_hotspot,3,20261307,70,0,10,0
pharmacy_hotspot,3,20261307,71,0,10,0
pharmacy_hotspot,3,20261307,72,0,10,0
pharmacy_hotspot,3,20261307,73,0,10,0
pharmacy_hotspot,3,20261307,74,0,10,0
pharmacy_hotspot,3,20261307,75,0,10,0
pharmacy_hotspot,3,20261307,76,0,10,0
pharmacy_hotspot,3,20261307,77,0,10,0
pharmacy_hotspot,3,20261307,78,0,10,0
pharmacy_hotspot,3,20261307,79,2,10,0
pharmacy_hotspot,3,20261307,80,0,10,0
pharmacy_hotspot,3,20261307,81,0,10,0
pharmacy_hotspot,3,20261307,82,0,10,0
pharmacy_hotspot,3,20261307,83,0,10,0
pharmacy_hotspot,3,20261307,84,0,10,0
pharmacy_hotspot,3,20261307,85,0,10,0
pharmacy_hotspot,3,20261307,86,0,10,0
pharmacy_hotspot,3,20261307,87,0,10,0
pharmacy_hotspot,3,20261307,88,0,10,0
pharmacy_hotspot,3,20261307,89,0,10,0
pharmacy_hotspot,3,20261307,90,2,10,0
pharmacy_hotspot,3,20261307,91,0,10,0
pharmacy_hotspot,3,20261307,92,1,10,0
pharmacy_hotspot,3,20261307,93,0,10,0
pharmacy_hotspot,3,20261307,94,0,10,0
pharmacy_hotspot,3,20261307,95,2,10,0
pharmacy_hotspot,3,20261307,96,0,10,0
pharmacy_hotspot,3,20261307,97,2,10,0
pharmacy_hotspot,3,20261307,98,0,10,0
pharmacy_hotspot,3,20261307,99,0,10,0
pharmacy_hotspot,3,20261307,100,0,10,0
pharmacy_hotspot,3,20261307,101,0,10,0
pharmacy_hotspot,3,20261307,102,0,10,0
pharmacy_hotspot,3,20261307,103,1,10,0
pharmacy_hotspot,3,20261307,104,0,10,0
pharmacy_hotspot,3,20261307,105,0,10,0
pharmacy_hotspot,3,20261307,106,2,10,0
pharmacy_hotspot,3,20261307,107,0,10,0
pharmacy_hotspot,3,20261307,108,1,10,0
pharmacy_hotspot,3,20261307,109,1,10,0
pharmacy_hotspot,3,20261307,110,0,10,0
pharmacy_hotspot,3,20261307,111,0,10,0
pharmacy_hotspot,3,20261307,112,0,10,0
pharmacy_hotspot,3,20261307,113,0,10,0
pharmacy_hotspot,3,20261307,114,0,10,0
pharmacy_hotspot,3,20261307,115,0,10,0
pharmacy_hotspot,3,20261307,116,0,10,0
pharmacy_hotspot,3,20261307,117,0,10,0
pharmacy_hotspot,3,20261307,118,0,10,0
pharmacy_hotspot,3,20261307,119,2,10,0
mixed_services,3,20261308,0,1,40,0
mixed_services,3,20261308,1,1,40,0
mixed_services,3,20261308,2,2,40,0
mixed_services,3,20261308,3,0,10,0
mixed_services,3,20261308,4,1,5,0
mixed_services,3,20261308,5,1,10,0
mixed_services,3,20261308,6,0,5,0
mixed_services,3,20261308,7,1,40,0
mixed_services,3,20261308,8,2,40,0
mixed_services,3,20261308,9,0,40,0
mixed_services,3,20261308,10,2,10,0
mixed_services,3,20261308,11,0,5,0
mixed_services,3,20261308,12,0,40,0
mixed_services,3,20261308,13,2,40,0
mixed_services,3,20261308,14,0,40,0
mixed_services,3,20261308,15,1,5,0
mixed_services,3,20261308,16,2,5,0
mixed_services,3,20261308,17,1,10,0
mixed_services,3,20261308,18,2,10,0
mixed_services,3,20261308,19,1,40,0
mixed_services,3,20261308,20,2,40,0
mixed_services,3,20261308,21,1,5,0
mixed_services,3,20261308,22,0,5,0
mixed_services,3,20261308,23,1,10,0
mixed_services,3,20261308,24,2,10,0
mixed_services,3,20261308,25,2,10,0
mixed_services,3,20261308,26,0,10,0
mixed_services,3,20261308,27,2,5,0
mixed_services,3,20261308,28,1,40,0
mixed_services,3,20261308,29,0,40,0
mixed_services,3,20261308,30,0,40,0
mixed_services,3,20261308,31,0,10,0
mixed_services,3,20261308,32,1,5,0
mixed_services,3,20261308,33,2,10,0
mixed_services,3,20261308,34,1,5,0
mixed_services,3,20261308,35,0,40,0
mixed_services,3,20261308,36,2,40,0
mixed_services,3,20261308,37,0,40,0
mixed_services,3,20261308,38,1,10,0
mixed_services,3,20261308,39,0,5,0
mixed_services,3,20261308,40,1,40,0
mixed_services,3,20261308,41,2,5,0
mixed_services,3,20261308,42,1,40,0
mixed_services,3,20261308,43,0,10,0
mixed_services,3,20261308,44,1,10,0
mixed_services,3,20261308,45,1,10,0
mixed_services,3,20261308,46,1,5,0
mixed_services,3,20261308,47,1,5,0
mixed_services,3,20261308,48,0,40,0
mixed_services,3,20261308,49,2,40,0
mixed_services,3,20261308,50,0,5,0
mixed_services,3,20261308,51,2,10,0
mixed_services,3,20261308,52,0,10,0
mixed_services,3,20261308,53,1,10,0
mixed_services,3,20261308,54,1,5,0
mixed_services,3,20261308,55,0,5,0
mixed_services,3,20261308,56,2,40,0
mixed_services,3,20261308,57,2,5,0
mixed_services,3,20261308,58,0,40,0
mixed_services,3,20261308,59,1,40,0
mixed_services,3,20261308,60,2,5,0
mixed_services,3,20261308,61,2,5,0
mixed_services,3,20261308,62,1,5,0
mixed_services,3,20261308,63,1,5,0
mixed_services,3,20261308,64,0,5,0
mixed_services,3,20261308,65,1,40,0
mixed_services,3,20261308,66,1,10,0
mixed_services,3,20261308,67,0,5,0
mixed_services,3,20261308,68,2,40,0
mixed_services,3,20261308,69,0,5,0
mixed_services,3,20261308,70,2,10,0
mixed_services,3,20261308,71,1,5,0
mixed_services,3,20261308,72,1,10,0
mixed_services,3,20261308,73,2,5,0
mixed_services,3,20261308,74,2,10,0
mixed_services,3,20261308,75,0,10,0
mixed_services,3,20261308,76,0,40,0
mixed_services,3,20261308,77,2,5,0
mixed_services,3,20261308,78,1,40,0
mixed_services,3,20261308,79,0,10,0
mixed_services,3,20261308,80,1,5,0
mixed_services,3,20261308,81,2,5,0
mixed_services,3,20261308,82,0,10,0
mixed_services,3,20261308,83,2,10,0
mixed_services,3,20261308,84,1,10,0
mixed_services,3,20261308,85,0,5,0
mixed_services,3,20261308,86,0,10,0
mixed_services,3,20261308,87,1,10,0
mixed_services,3,20261308,88,2,40,0
mixed_services,3,20261308,89,0,5,0
mixed_services,3,20261308,90,1,5,0
mixed_services,3,20261308,91,2,40,0
mixed_services,3,20261308,92,0,10,0
mixed_services,3,20261308,93,2,40,0
mixed_services,3,20261308,94,2,10,0
mixed_services,3,20261308,95,0,40,0
mixed_services,3,20261308,96,2,5,0
mixed_services,3,20261308,97,2,40,0
mixed_services,3,20261308,98,0,5,0
mixed_services,3,20261308,99,0,10,0
mixed_services,3,20261308,100,0,5,0
mixed_services,3,20261308,101,1,10,0
mixed_services,3,20261308,102,0,40,0
mixed_services,3,20261308,103,0,10,0
mixed_services,3,20261308,104,1,5,0
mixed_services,3,20261308,105,0,5,0
mixed_services,3,20261308,106,1,40,0
mixed_services,3,20261308,107,2,10,0
mixed_services,3,20261308,108,2,10,0
mixed_services,3,20261308,109,1,10,0
mixed_services,3,20261308,110,2,10,0
mixed_services,3,20261308,111,2,5,0
mixed_services,3,20261308,112,0,40,0
mixed_services,3,20261308,113,0,10,0
mixed_services,3,20261308,114,2,5,0
mixed_services,3,20261308,115,1,40,0
mixed_services,3,20261308,116,1,40,0
mixed_services,3,20261308,117,2,5,0
mixed_services,3,20261308,118,2,5,0
mixed_services,3,20261308,119,2,40,0
clustered_rounds,3,20261309,0,0,10,0
clustered_rounds,3,20261309,1,0,10,0
clustered_rounds,3,20261309,2,0,10,0
clustered_rounds,3,20261309,3,0,10,0
clustered_rounds,3,20261309,4,0,10,0
clustered_rounds,3,20261309,5,0,10,0
clustered_rounds,3,20261309,6,0,10,0
clustered_rounds,3,20261309,7,0,10,0
clustered_rounds,3,20261309,8,0,10,0
clustered_rounds,3,20261309,9,0,10,0
clustered_rounds,3,20261309,10,0,10,0
clustered_rounds,3,20261309,11,0,10,0
clustered_rounds,3,20261309,12,0,10,0
clustered_rounds,3,20261309,13,0,10,0
clustered_rounds,3,20261309,14,0,10,0
clustered_rounds,3,20261309,15,0,10,0
clustered_rounds,3,20261309,16,0,10,0
clustered_rounds,3,20261309,17,0,10,0
clustered_rounds,3,20261309,18,0,10,0
clustered_rounds,3,20261309,19,0,10,0
clustered_rounds,3,20261309,20,0,10,0
clustered_rounds,3,20261309,21,0,10,0
clustered_rounds,3,20261309,22,0,10,0
clustered_rounds,3,20261309,23,0,10,0
clustered_rounds,3,20261309,24,0,10,0
clustered_rounds,3,20261309,25,0,10,0
clustered_rounds,3,20261309,26,0,10,0
clustered_rounds,3,20261309,27,0,10,0
clustered_rounds,3,20261309,28,0,10,0
clustered_rounds,3,20261309,29,0,10,0
clustered_rounds,3,20261309,30,0,10,0
clustered_rounds,3,20261309,31,0,10,0
clustered_rounds,3,20261309,32,0,10,0
clustered_rounds,3,20261309,33,0,10,0
clustered_rounds,3,20261309,34,0,10,0
clustered_rounds,3,20261309,35,0,10,0
clustered_rounds,3,20261309,36,0,10,0
clustered_rounds,3,20261309,37,0,10,0
clustered_rounds,3,20261309,38,0,10,0
clustered_rounds,3,20261309,39,0,10,0
clustered_rounds,3,20261309,40,1,10,0
clustered_rounds,3,20261309,41,1,10,0
clustered_rounds,3,20261309,42,1,10,0
clustered_rounds,3,20261309,43,1,10,0
clustered_rounds,3,20261309,44,1,10,0
clustered_rounds,3,20261309,45,1,10,0
clustered_rounds,3,20261309,46,1,10,0
clustered_rounds,3,20261309,47,1,10,0
clustered_rounds,3,20261309,48,1,10,0
clustered_rounds,3,20261309,49,1,10,0
clustered_rounds,3,20261309,50,1,10,0
clustered_rounds,3,20261309,51,1,10,0
clustered_rounds,3,20261309,52,1,10,0
clustered_rounds,3,20261309,53,1,10,0
clustered_rounds,3,20261309,54,1,10,0
clustered_rounds,3,20261309,55,1,10,0
clustered_rounds,3,20261309,56,1,10,0
clustered_rounds,3,20261309,57,1,10,0
clustered_rounds,3,20261309,58,1,10,0
clustered_rounds,3,20261309,59,1,10,0
clustered_rounds,3,20261309,60,1,10,0
clustered_rounds,3,20261309,61,1,10,0
clustered_rounds,3,20261309,62,1,10,0
clustered_rounds,3,20261309,63,1,10,0
clustered_rounds,3,20261309,64,1,10,0
clustered_rounds,3,20261309,65,1,10,0
clustered_rounds,3,20261309,66,1,10,0
clustered_rounds,3,20261309,67,1,10,0
clustered_rounds,3,20261309,68,1,10,0
clustered_rounds,3,20261309,69,1,10,0
clustered_rounds,3,20261309,70,1,10,0
clustered_rounds,3,20261309,71,1,10,0
clustered_rounds,3,20261309,72,1,10,0
clustered_rounds,3,20261309,73,1,10,0
clustered_rounds,3,20261309,74,1,10,0
clustered_rounds,3,20261309,75,1,10,0
clustered_rounds,3,20261309,76,1,10,0
clustered_rounds,3,20261309,77,1,10,0
clustered_rounds,3,20261309,78,1,10,0
clustered_rounds,3,20261309,79,1,10,0
clustered_rounds,3,20261309,80,2,10,0
clustered_rounds,3,20261309,81,2,10,0
clustered_rounds,3,20261309,82,2,10,0
clustered_rounds,3,20261309,83,2,10,0
clustered_rounds,3,20261309,84,2,10,0
clustered_rounds,3,20261309,85,2,10,0
clustered_rounds,3,20261309,86,2,10,0
clustered_rounds,3,20261309,87,2,10,0
clustered_rounds,3,20261309,88,2,10,0
clustered_rounds,3,20261309,89,2,10,0
clustered_rounds,3,20261309,90,2,10,0
clustered_rounds,3,20261309,91,2,10,0
clustered_rounds,3,20261309,92,2,10,0
clustered_rounds,3,20261309,93,2,10,0
clustered_rounds,3,20261309,94,2,10,0
clustered_rounds,3,20261309,95,2,10,0
clustered_rounds,3,20261309,96,2,10,0
clustered_rounds,3,20261309,97,2,10,0
clustered_rounds,3,20261309,98,2,10,0
clustered_rounds,3,20261309,99,2,10,0
clustered_rounds,3,20261309,100,2,10,0
clustered_rounds,3,20261309,101,2,10,0
clustered_rounds,3,20261309,102,2,10,0
clustered_rounds,3,20261309,103,2,10,0
clustered_rounds,3,20261309,104,2,10,0
clustered_rounds,3,20261309,105,2,10,0
clustered_rounds,3,20261309,106,2,10,0
clustered_rounds,3,20261309,107,2,10,0
clustered_rounds,3,20261309,108,2,10,0
clustered_rounds,3,20261309,109,2,10,0
clustered_rounds,3,20261309,110,2,10,0
clustered_rounds,3,20261309,111,2,10,0
clustered_rounds,3,20261309,112,2,10,0
clustered_rounds,3,20261309,113,2,10,0
clustered_rounds,3,20261309,114,2,10,0
clustered_rounds,3,20261309,115,2,10,0
clustered_rounds,3,20261309,116,2,10,0
clustered_rounds,3,20261309,117,2,10,0
clustered_rounds,3,20261309,118,2,10,0
clustered_rounds,3,20261309,119,2,10,0
burst_requests,3,20261310,0,1,10,0
burst_requests,3,20261310,1,2,10,0
burst_requests,3,20261310,2,2,10,0
burst_requests,3,20261310,3,2,10,0
burst_requests,3,20261310,4,0,10,0
burst_requests,3,20261310,5,2,10,0
burst_requests,3,20261310,6,1,10,0
burst_requests,3,20261310,7,0,10,0
burst_requests,3,20261310,8,1,10,0
burst_requests,3,20261310,9,1,10,0
burst_requests,3,20261310,10,0,10,0
burst_requests,3,20261310,11,1,10,0
burst_requests,3,20261310,12,2,10,0
burst_requests,3,20261310,13,1,10,0
burst_requests,3,20261310,14,0,10,0
burst_requests,3,20261310,15,1,10,0
burst_requests,3,20261310,16,1,10,0
burst_requests,3,20261310,17,1,10,0
burst_requests,3,20261310,18,2,10,0
burst_requests,3,20261310,19,2,10,0
burst_requests,3,20261310,20,2,10,0
burst_requests,3,20261310,21,2,10,0
burst_requests,3,20261310,22,0,10,0
burst_requests,3,20261310,23,2,10,0
burst_requests,3,20261310,24,1,10,0
burst_requests,3,20261310,25,1,10,0
burst_requests,3,20261310,26,2,10,0
burst_requests,3,20261310,27,2,10,0
burst_requests,3,20261310,28,0,10,0
burst_requests,3,20261310,29,1,10,0
burst_requests,3,20261310,30,0,10,0
burst_requests,3,20261310,31,1,10,0
burst_requests,3,20261310,32,0,10,0
burst_requests,3,20261310,33,2,10,0
burst_requests,3,20261310,34,0,10,0
burst_requests,3,20261310,35,0,10,0
burst_requests,3,20261310,36,1,10,0
burst_requests,3,20261310,37,2,10,0
burst_requests,3,20261310,38,0,10,0
burst_requests,3,20261310,39,1,10,0
burst_requests,3,20261310,40,0,10,200
burst_requests,3,20261310,41,1,10,200
burst_requests,3,20261310,42,1,10,200
burst_requests,3,20261310,43,1,10,200
burst_requests,3,20261310,44,0,10,200
burst_requests,3,20261310,45,1,10,200
burst_requests,3,20261310,46,0,10,200
burst_requests,3,20261310,47,2,10,200
burst_requests,3,20261310,48,0,10,200
burst_requests,3,20261310,49,1,10,200
burst_requests,3,20261310,50,2,10,200
burst_requests,3,20261310,51,0,10,200
burst_requests,3,20261310,52,1,10,200
burst_requests,3,20261310,53,1,10,200
burst_requests,3,20261310,54,2,10,200
burst_requests,3,20261310,55,2,10,200
burst_requests,3,20261310,56,0,10,200
burst_requests,3,20261310,57,0,10,200
burst_requests,3,20261310,58,2,10,200
burst_requests,3,20261310,59,2,10,200
burst_requests,3,20261310,60,2,10,200
burst_requests,3,20261310,61,1,10,200
burst_requests,3,20261310,62,2,10,200
burst_requests,3,20261310,63,1,10,200
burst_requests,3,20261310,64,2,10,200
burst_requests,3,20261310,65,0,10,200
burst_requests,3,20261310,66,2,10,200
burst_requests,3,20261310,67,2,10,200
burst_requests,3,20261310,68,2,10,200
burst_requests,3,20261310,69,1,10,200
burst_requests,3,20261310,70,0,10,200
burst_requests,3,20261310,71,1,10,200
burst_requests,3,20261310,72,0,10,200
burst_requests,3,20261310,73,2,10,200
burst_requests,3,20261310,74,2,10,200
burst_requests,3,20261310,75,0,10,200
burst_requests,3,20261310,76,1,10,200
burst_requests,3,20261310,77,2,10,200
burst_requests,3,20261310,78,1,10,200
burst_requests,3,20261310,79,0,10,200
burst_requests,3,20261310,80,0,10,400
burst_requests,3,20261310,81,1,10,400
burst_requests,3,20261310,82,2,10,400
burst_requests,3,20261310,83,1,10,400
burst_requests,3,20261310,84,0,10,400
burst_requests,3,20261310,85,0,10,400
burst_requests,3,20261310,86,2,10,400
burst_requests,3,20261310,87,1,10,400
burst_requests,3,20261310,88,1,10,400
burst_requests,3,20261310,89,1,10,400
burst_requests,3,20261310,90,0,10,400
burst_requests,3,20261310,91,0,10,400
burst_requests,3,20261310,92,2,10,400
burst_requests,3,20261310,93,1,10,400
burst_requests,3,20261310,94,2,10,400
burst_requests,3,20261310,95,0,10,400
burst_requests,3,20261310,96,1,10,400
burst_requests,3,20261310,97,2,10,400
burst_requests,3,20261310,98,1,10,400
burst_requests,3,20261310,99,2,10,400
burst_requests,3,20261310,100,1,10,400
burst_requests,3,20261310,101,0,10,400
burst_requests,3,20261310,102,2,10,400
burst_requests,3,20261310,103,2,10,400
burst_requests,3,20261310,104,1,10,400
burst_requests,3,20261310,105,0,10,400
burst_requests,3,20261310,106,0,10,400
burst_requests,3,20261310,107,2,10,400
burst_requests,3,20261310,108,0,10,400
burst_requests,3,20261310,109,0,10,400
burst_requests,3,20261310,110,2,10,400
burst_requests,3,20261310,111,0,10,400
burst_requests,3,20261310,112,1,10,400
burst_requests,3,20261310,113,1,10,400
burst_requests,3,20261310,114,2,10,400
burst_requests,3,20261310,115,0,10,400
burst_requests,3,20261310,116,0,10,400
burst_requests,3,20261310,117,0,10,400
burst_requests,3,20261310,118,0,10,400
burst_requests,3,20261310,119,0,10,400
multi_ward,3,20261311,0,3,10,0
multi_ward,3,20261311,1,5,10,0
multi_ward,3,20261311,2,3,10,0
multi_ward,3,20261311,3,4,10,0
multi_ward,3,20261311,4,1,10,0
multi_ward,3,20261311,5,3,10,0
multi_ward,3,20261311,6,3,10,0
multi_ward,3,20261311,7,1,10,0
multi_ward,3,20261311,8,5,10,0
multi_ward,3,20261311,9,3,10,0
multi_ward,3,20261311,10,4,10,0
multi_ward,3,20261311,11,1,10,0
multi_ward,3,20261311,12,4,10,0
multi_ward,3,20261311,13,5,10,0
multi_ward,3,20261311,14,5,10,0
multi_ward,3,20261311,15,4,10,0
multi_ward,3,20261311,16,2,10,0
multi_ward,3,20261311,17,4,10,0
multi_ward,3,20261311,18,1,10,0
multi_ward,3,20261311,19,1,10,0
multi_ward,3,20261311,20,3,10,0
multi_ward,3,20261311,21,4,10,0
multi_ward,3,20261311,22,3,10,0
multi_ward,3,20261311,23,0,10,0
multi_ward,3,20261311,24,2,10,0
multi_ward,3,20261311,25,2,10,0
multi_ward,3,20261311,26,5,10,0
multi_ward,3,20261311,27,3,10,0
multi_ward,3,20261311,28,3,10,0
multi_ward,3,20261311,29,0,10,0
multi_ward,3,20261311,30,5,10,0
multi_ward,3,20261311,31,2,10,0
multi_ward,3,20261311,32,2,10,0
multi_ward,3,20261311,33,1,10,0
multi_ward,3,20261311,34,0,10,0
multi_ward,3,20261311,35,5,10,0
multi_ward,3,20261311,36,5,10,0
multi_ward,3,20261311,37,2,10,0
multi_ward,3,20261311,38,4,10,0
multi_ward,3,20261311,39,0,10,0
multi_ward,3,20261311,40,1,10,0
multi_ward,3,20261311,41,5,10,0
multi_ward,3,20261311,42,2,10,0
multi_ward,3,20261311,43,0,10,0
multi_ward,3,20261311,44,2,10,0
multi_ward,3,20261311,45,5,10,0
multi_ward,3,20261311,46,3,10,0
multi_ward,3,20261311,47,2,10,0
multi_ward,3,20261311,48,2,10,0
multi_ward,3,20261311,49,1,10,0
multi_ward,3,20261311,50,0,10,0
multi_ward,3,20261311,51,2,10,0
multi_ward,3,20261311,52,1,10,0
multi_ward,3,20261311,53,0,10,0
multi_ward,3,20261311,54,3,10,0
multi_ward,3,20261311,55,3,10,0
multi_ward,3,20261311,56,2,10,0
multi_ward,3,20261311,57,3,10,0
multi_ward,3,20261311,58,0,10,0
multi_ward,3,20261311,59,2,10,0
multi_ward,3,20261311,60,4,10,0
multi_ward,3,20261311,61,2,10,0
multi_ward,3,20261311,62,2,10,0
multi_ward,3,20261311,63,5,10,0
multi_ward,3,20261311,64,5,10,0
multi_ward,3,20261311,65,3,10,0
multi_ward,3,20261311,66,1,10,0
multi_ward,3,20261311,67,4,10,0
multi_ward,3,20261311,68,4,10,0
multi_ward,3,20261311,69,5,10,0
multi_ward,3,20261311,70,2,10,0
multi_ward,3,20261311,71,4,10,0
multi_ward,3,20261311,72,0,10,0
multi_ward,3,20261311,73,3,10,0
multi_ward,3,20261311,74,0,10,0
multi_ward,3,20261311,75,3,10,0
multi_ward,3,20261311,76,4,10,0
multi_ward,3,20261311,77,3,10,0
multi_ward,3,20261311,78,2,10,0
multi_ward,3,20261311,79,0,10,0
multi_ward,3,20261311,80,0,10,0
multi_ward,3,20261311,81,0,10,0
multi_ward,3,20261311,82,2,10,0
multi_ward,3,20261311,83,5,10,0
multi_ward,3,20261311,84,1,10,0
multi_ward,3,20261311,85,4,10,0
multi_ward,3,20261311,86,1,10,0
multi_ward,3,20261311,87,1,10,0
multi_ward,3,20261311,88,4,10,0
multi_ward,3,20261311,89,4,10,0
multi_ward,3,20261311,90,1,10,0
multi_ward,3,20261311,91,3,10,0
multi_ward,3,20261311,92,4,10,0
multi_ward,3,20261311,93,1,10,0
multi_ward,3,20261311,94,5,10,0
multi_ward,3,20261311,95,0,10,0
multi_ward,3,20261311,96,1,10,0
multi_ward,3,20261311,97,0,10,0
multi_ward,3,20261311,98,2,10,0
multi_ward,3,20261311,99,0,10,0
multi_ward,3,20261311,100,2,10,0
multi_ward,3,20261311,101,0,10,0
multi_ward,3,20261311,102,5,10,0
multi_ward,3,20261311,103,5,10,0
multi_ward,3,20261311,104,4,10,0
multi_ward,3,20261311,105,4,10,0
multi_ward,3,20261311,106,0,10,0
multi_ward,3,20261311,107,0,10,0
multi_ward,3,20261311,108,1,10,0
multi_ward,3,20261311,109,5,10,0
multi_ward,3,20261311,110,1,10,0
multi_ward,3,20261311,111,3,10,0
multi_ward,3,20261311,112,4,10,0
multi_ward,3,20261311,113,3,10,0
multi_ward,3,20261311,114,0,10,0
multi_ward,3,20261311,115,5,10,0
multi_ward,3,20261311,116,4,10,0
multi_ward,3,20261311,117,1,10,0
multi_ward,3,20261311,118,1,10,0
multi_ward,3,20261311,119,5,10,0
ward_delivery,4,20261406,0,0,10,0
ward_delivery,4,20261406,1,1,10,0
ward_delivery,4,20261406,2,2,10,0
ward_delivery,4,20261406,3,1,10,0
ward_delivery,4,20261406,4,2,10,0
ward_delivery,4,20261406,5,0,10,0
ward_delivery,4,20261406,6,1,10,0
ward_delivery,4,20261406,7,1,10,0
ward_delivery,4,20261406,8,0,10,0
ward_delivery,4,20261406,9,1,10,0
ward_delivery,4,20261406,10,2,10,0
ward_delivery,4,20261406,11,0,10,0
ward_delivery,4,20261406,12,1,10,0
ward_delivery,4,20261406,13,2,10,0
ward_delivery,4,20261406,14,2,10,0
ward_delivery,4,20261406,15,1,10,0
ward_delivery,4,20261406,16,1,10,0
ward_delivery,4,20261406,17,2,10,0
ward_delivery,4,20261406,18,0,10,0
ward_delivery,4,20261406,19,0,10,0
ward_delivery,4,20261406,20,0,10,0
ward_delivery,4,20261406,21,2,10,0
ward_delivery,4,20261406,22,0,10,0
ward_delivery,4,20261406,23,2,10,0
ward_delivery,4,20261406,24,2,10,0
ward_delivery,4,20261406,25,0,10,0
ward_delivery,4,20261406,26,1,10,0
ward_delivery,4,20261406,27,1,10,0
ward_delivery,4,20261406,28,1,10,0
ward_delivery,4,20261406,29,0,10,0
ward_delivery,4,20261406,30,1,10,0
ward_delivery,4,20261406,31,2,10,0
ward_delivery,4,20261406,32,1,10,0
ward_delivery,4,20261406,33,1,10,0
ward_delivery,4,20261406,34,0,10,0
ward_delivery,4,20261406,35,1,10,0
ward_delivery,4,20261406,36,0,10,0
ward_delivery,4,20261406,37,0,10,0
ward_delivery,4,20261406,38,2,10,0
ward_delivery,4,20261406,39,2,10,0
ward_delivery,4,20261406,40,0,10,0
ward_delivery,4,20261406,41,0,10,0
ward_delivery,4,20261406,42,0,10,0
ward_delivery,4,20261406,43,0,10,0
ward_delivery,4,20261406,44,1,10,0
ward_delivery,4,20261406,45,2,10,0
ward_delivery,4,20261406,46,2,10,0
ward_delivery,4,20261406,47,2,10,0
ward_delivery,4,20261406,48,0,10,0
ward_delivery,4,20261406,49,0,10,0
ward_delivery,4,20261406,50,2,10,0
ward_delivery,4,20261406,51,2,10,0
ward_delivery,4,20261406,52,2,10,0
ward_delivery,4,20261406,53,1,10,0
ward_delivery,4,20261406,54,0,10,0
ward_delivery,4,20261406,55,1,10,0
ward_delivery,4,20261406,56,0,10,0
ward_delivery,4,20261406,57,1,10,0
ward_delivery,4,20261406,58,1,10,0
ward_delivery,4,20261406,59,1,10,0
ward_delivery,4,20261406,60,0,10,0
ward_delivery,4,20261406,61,1,10,0
ward_delivery,4,20261406,62,1,10,0
ward_delivery,4,20261406,63,2,10,0
ward_delivery,4,20261406,64,2,10,0
ward_delivery,4,20261406,65,0,10,0
ward_delivery,4,20261406,66,1,10,0
ward_delivery,4,20261406,67,2,10,0
ward_delivery,4,20261406,68,2,10,0
ward_delivery,4,20261406,69,1,10,0
ward_delivery,4,20261406,70,0,10,0
ward_delivery,4,20261406,71,1,10,0
ward_delivery,4,20261406,72,2,10,0
ward_delivery,4,20261406,73,1,10,0
ward_delivery,4,20261406,74,2,10,0
ward_delivery,4,20261406,75,1,10,0
ward_delivery,4,20261406,76,2,10,0
ward_delivery,4,20261406,77,2,10,0
ward_delivery,4,20261406,78,2,10,0
ward_delivery,4,20261406,79,0,10,0
ward_delivery,4,20261406,80,2,10,0
ward_delivery,4,20261406,81,1,10,0
ward_delivery,4,20261406,82,2,10,0
ward_delivery,4,20261406,83,1,10,0
ward_delivery,4,20261406,84,0,10,0
ward_delivery,4,20261406,85,2,10,0
ward_delivery,4,20261406,86,0,10,0
ward_delivery,4,20261406,87,1,10,0
ward_delivery,4,20261406,88,2,10,0
ward_delivery,4,20261406,89,0,10,0
ward_delivery,4,20261406,90,0,10,0
ward_delivery,4,20261406,91,2,10,0
ward_delivery,4,20261406,92,0,10,0
ward_delivery,4,20261406,93,1,10,0
ward_delivery,4,20261406,94,0,10,0
ward_delivery,4,20261406,95,0,10,0
ward_delivery,4,20261406,96,1,10,0
ward_delivery,4,20261406,97,0,10,0
ward_delivery,4,20261406,98,0,10,0
ward_delivery,4,20261406,99,1,10,0
ward_delivery,4,20261406,100,2,10,0
ward_delivery,4,20261406,101,0,10,0
ward_delivery,4,20261406,102,0,10,0
ward_delivery,4,20261406,103,0,10,0
ward_delivery,4,20261406,104,1,10,0
ward_delivery,4,20261406,105,2,10,0
ward_delivery,4,20261406,106,1,10,0
ward_delivery,4,20261406,107,0,10,0
ward_delivery,4,20261406,108,2,10,0
ward_delivery,4,20261406,109,1,10,0
ward_delivery,4,20261406,110,1,10,0
ward_delivery,4,20261406,111,2,10,0
ward_delivery,4,20261406,112,0,10,0
ward_delivery,4,20261406,113,2,10,0
ward_delivery,4,20261406,114,1,10,0
ward_delivery,4,20261406,115,0,10,0
ward_delivery,4,20261406,116,2,10,0
ward_delivery,4,20261406,117,1,10,0
ward_delivery,4,20261406,118,2,10,0
ward_delivery,4,20261406,119,2,10,0
pharmacy_hotspot,4,20261407,0,0,10,0
pharmacy_hotspot,4,20261407,1,0,10,0
pharmacy_hotspot,4,20261407,2,0,10,0
pharmacy_hotspot,4,20261407,3,0,10,0
pharmacy_hotspot,4,20261407,4,2,10,0
pharmacy_hotspot,4,20261407,5,0,10,0
pharmacy_hotspot,4,20261407,6,1,10,0
pharmacy_hotspot,4,20261407,7,0,10,0
pharmacy_hotspot,4,20261407,8,0,10,0
pharmacy_hotspot,4,20261407,9,0,10,0
pharmacy_hotspot,4,20261407,10,0,10,0
pharmacy_hotspot,4,20261407,11,0,10,0
pharmacy_hotspot,4,20261407,12,0,10,0
pharmacy_hotspot,4,20261407,13,0,10,0
pharmacy_hotspot,4,20261407,14,0,10,0
pharmacy_hotspot,4,20261407,15,1,10,0
pharmacy_hotspot,4,20261407,16,0,10,0
pharmacy_hotspot,4,20261407,17,1,10,0
pharmacy_hotspot,4,20261407,18,0,10,0
pharmacy_hotspot,4,20261407,19,2,10,0
pharmacy_hotspot,4,20261407,20,0,10,0
pharmacy_hotspot,4,20261407,21,0,10,0
pharmacy_hotspot,4,20261407,22,0,10,0
pharmacy_hotspot,4,20261407,23,0,10,0
pharmacy_hotspot,4,20261407,24,0,10,0
pharmacy_hotspot,4,20261407,25,0,10,0
pharmacy_hotspot,4,20261407,26,0,10,0
pharmacy_hotspot,4,20261407,27,0,10,0
pharmacy_hotspot,4,20261407,28,0,10,0
pharmacy_hotspot,4,20261407,29,0,10,0
pharmacy_hotspot,4,20261407,30,0,10,0
pharmacy_hotspot,4,20261407,31,0,10,0
pharmacy_hotspot,4,20261407,32,2,10,0
pharmacy_hotspot,4,20261407,33,0,10,0
pharmacy_hotspot,4,20261407,34,0,10,0
pharmacy_hotspot,4,20261407,35,0,10,0
pharmacy_hotspot,4,20261407,36,2,10,0
pharmacy_hotspot,4,20261407,37,0,10,0
pharmacy_hotspot,4,20261407,38,0,10,0
pharmacy_hotspot,4,20261407,39,0,10,0
pharmacy_hotspot,4,20261407,40,1,10,0
pharmacy_hotspot,4,20261407,41,0,10,0
pharmacy_hotspot,4,20261407,42,0,10,0
pharmacy_hotspot,4,20261407,43,0,10,0
pharmacy_hotspot,4,20261407,44,0,10,0
pharmacy_hotspot,4,20261407,45,2,10,0
pharmacy_hotspot,4,20261407,46,0,10,0
pharmacy_hotspot,4,20261407,47,2,10,0
pharmacy_hotspot,4,20261407,48,0,10,0
pharmacy_hotspot,4,20261407,49,0,10,0
pharmacy_hotspot,4,20261407,50,0,10,0
pharmacy_hotspot,4,20261407,51,0,10,0
pharmacy_hotspot,4,20261407,52,0,10,0
pharmacy_hotspot,4,20261407,53,0,10,0
pharmacy_hotspot,4,20261407,54,0,10,0
pharmacy_hotspot,4,20261407,55,0,10,0
pharmacy_hotspot,4,20261407,56,0,10,0
pharmacy_hotspot,4,20261407,57,0,10,0
pharmacy_hotspot,4,20261407,58,0,10,0
pharmacy_hotspot,4,20261407,59,0,10,0
pharmacy_hotspot,4,20261407,60,0,10,0
pharmacy_hotspot,4,20261407,61,0,10,0
pharmacy_hotspot,4,20261407,62,0,10,0
pharmacy_hotspot,4,20261407,63,0,10,0
pharmacy_hotspot,4,20261407,64,0,10,0
pharmacy_hotspot,4,20261407,65,0,10,0
pharmacy_hotspot,4,20261407,66,1,10,0
pharmacy_hotspot,4,20261407,67,2,10,0
pharmacy_hotspot,4,20261407,68,2,10,0
pharmacy_hotspot,4,20261407,69,0,10,0
pharmacy_hotspot,4,20261407,70,0,10,0
pharmacy_hotspot,4,20261407,71,0,10,0
pharmacy_hotspot,4,20261407,72,0,10,0
pharmacy_hotspot,4,20261407,73,0,10,0
pharmacy_hotspot,4,20261407,74,2,10,0
pharmacy_hotspot,4,20261407,75,2,10,0
pharmacy_hotspot,4,20261407,76,0,10,0
pharmacy_hotspot,4,20261407,77,1,10,0
pharmacy_hotspot,4,20261407,78,0,10,0
pharmacy_hotspot,4,20261407,79,0,10,0
pharmacy_hotspot,4,20261407,80,0,10,0
pharmacy_hotspot,4,20261407,81,0,10,0
pharmacy_hotspot,4,20261407,82,0,10,0
pharmacy_hotspot,4,20261407,83,0,10,0
pharmacy_hotspot,4,20261407,84,2,10,0
pharmacy_hotspot,4,20261407,85,0,10,0
pharmacy_hotspot,4,20261407,86,0,10,0
pharmacy_hotspot,4,20261407,87,0,10,0
pharmacy_hotspot,4,20261407,88,1,10,0
pharmacy_hotspot,4,20261407,89,0,10,0
pharmacy_hotspot,4,20261407,90,0,10,0
pharmacy_hotspot,4,20261407,91,0,10,0
pharmacy_hotspot,4,20261407,92,0,10,0
pharmacy_hotspot,4,20261407,93,0,10,0
pharmacy_hotspot,4,20261407,94,0,10,0
pharmacy_hotspot,4,20261407,95,0,10,0
pharmacy_hotspot,4,20261407,96,1,10,0
pharmacy_hotspot,4,20261407,97,1,10,0
pharmacy_hotspot,4,20261407,98,0,10,0
pharmacy_hotspot,4,20261407,99,2,10,0
pharmacy_hotspot,4,20261407,100,0,10,0
pharmacy_hotspot,4,20261407,101,0,10,0
pharmacy_hotspot,4,20261407,102,0,10,0
pharmacy_hotspot,4,20261407,103,0,10,0
pharmacy_hotspot,4,20261407,104,0,10,0
pharmacy_hotspot,4,20261407,105,0,10,0
pharmacy_hotspot,4,20261407,106,0,10,0
pharmacy_hotspot,4,20261407,107,0,10,0
pharmacy_hotspot,4,20261407,108,0,10,0
pharmacy_hotspot,4,20261407,109,1,10,0
pharmacy_hotspot,4,20261407,110,0,10,0
pharmacy_hotspot,4,20261407,111,1,10,0
pharmacy_hotspot,4,20261407,112,0,10,0
pharmacy_hotspot,4,20261407,113,0,10,0
pharmacy_hotspot,4,20261407,114,1,10,0
pharmacy_hotspot,4,20261407,115,0,10,0
pharmacy_hotspot,4,20261407,116,0,10,0
pharmacy_hotspot,4,20261407,117,0,10,0
pharmacy_hotspot,4,20261407,118,0,10,0
pharmacy_hotspot,4,20261407,119,0,10,0
mixed_services,4,20261408,0,1,5,0
mixed_services,4,20261408,1,2,10,0
mixed_services,4,20261408,2,0,40,0
mixed_services,4,20261408,3,2,5,0
mixed_services,4,20261408,4,1,5,0
mixed_services,4,20261408,5,2,5,0
mixed_services,4,20261408,6,0,40,0
mixed_services,4,20261408,7,2,10,0
mixed_services,4,20261408,8,0,5,0
mixed_services,4,20261408,9,0,5,0
mixed_services,4,20261408,10,1,40,0
mixed_services,4,20261408,11,0,40,0
mixed_services,4,20261408,12,1,40,0
mixed_services,4,20261408,13,2,5,0
mixed_services,4,20261408,14,1,5,0
mixed_services,4,20261408,15,0,10,0
mixed_services,4,20261408,16,1,10,0
mixed_services,4,20261408,17,1,40,0
mixed_services,4,20261408,18,2,10,0
mixed_services,4,20261408,19,0,10,0
mixed_services,4,20261408,20,0,10,0
mixed_services,4,20261408,21,0,5,0
mixed_services,4,20261408,22,0,10,0
mixed_services,4,20261408,23,1,40,0
mixed_services,4,20261408,24,0,5,0
mixed_services,4,20261408,25,2,5,0
mixed_services,4,20261408,26,2,10,0
mixed_services,4,20261408,27,1,40,0
mixed_services,4,20261408,28,0,5,0
mixed_services,4,20261408,29,2,10,0
mixed_services,4,20261408,30,2,5,0
mixed_services,4,20261408,31,2,40,0
mixed_services,4,20261408,32,1,5,0
mixed_services,4,20261408,33,2,40,0
mixed_services,4,20261408,34,2,10,0
mixed_services,4,20261408,35,1,5,0
mixed_services,4,20261408,36,2,40,0
mixed_services,4,20261408,37,2,5,0
mixed_services,4,20261408,38,1,5,0
mixed_services,4,20261408,39,0,10,0
mixed_services,4,20261408,40,2,40,0
mixed_services,4,20261408,41,0,40,0
mixed_services,4,20261408,42,2,5,0
mixed_services,4,20261408,43,0,5,0
mixed_services,4,20261408,44,2,5,0
mixed_services,4,20261408,45,0,10,0
mixed_services,4,20261408,46,1,10,0
mixed_services,4,20261408,47,1,40,0
mixed_services,4,20261408,48,2,10,0
mixed_services,4,20261408,49,0,40,0
mixed_services,4,20261408,50,2,5,0
mixed_services,4,20261408,51,1,10,0
mixed_services,4,20261408,52,2,5,0
mixed_services,4,20261408,53,0,5,0
mixed_services,4,20261408,54,2,40,0
mixed_services,4,20261408,55,0,5,0
mixed_services,4,20261408,56,2,10,0
mixed_services,4,20261408,57,2,5,0
mixed_services,4,20261408,58,1,10,0
mixed_services,4,20261408,59,0,40,0
mixed_services,4,20261408,60,0,5,0
mixed_services,4,20261408,61,0,40,0
mixed_services,4,20261408,62,2,40,0
mixed_services,4,20261408,63,1,5,0
mixed_services,4,20261408,64,0,5,0
mixed_services,4,20261408,65,2,40,0
mixed_services,4,20261408,66,1,10,0
mixed_services,4,20261408,67,0,10,0
mixed_services,4,20261408,68,1,5,0
mixed_services,4,20261408,69,2,10,0
mixed_services,4,20261408,70,0,40,0
mixed_services,4,20261408,71,2,40,0
mixed_services,4,20261408,72,0,5,0
mixed_services,4,20261408,73,1,5,0
mixed_services,4,20261408,74,1,5,0
mixed_services,4,20261408,75,0,40,0
mixed_services,4,20261408,76,1,40,0
mixed_services,4,20261408,77,0,10,0
mixed_services,4,20261408,78,0,5,0
mixed_services,4,20261408,79,1,10,0
mixed_services,4,20261408,80,1,10,0
mixed_services,4,20261408,81,1,5,0
mixed_services,4,20261408,82,2,10,0
mixed_services,4,20261408,83,1,10,0
mixed_services,4,20261408,84,0,10,0
mixed_services,4,20261408,85,1,10,0
mixed_services,4,20261408,86,1,40,0
mixed_services,4,20261408,87,1,40,0
mixed_services,4,20261408,88,1,40,0
mixed_services,4,20261408,89,2,40,0
mixed_services,4,20261408,90,1,10,0
mixed_services,4,20261408,91,2,40,0
mixed_services,4,20261408,92,2,40,0
mixed_services,4,20261408,93,1,40,0
mixed_services,4,20261408,94,0,5,0
mixed_services,4,20261408,95,1,40,0
mixed_services,4,20261408,96,1,5,0
mixed_services,4,20261408,97,0,10,0
mixed_services,4,20261408,98,0,40,0
mixed_services,4,20261408,99,1,5,0
mixed_services,4,20261408,100,2,40,0
mixed_services,4,20261408,101,2,5,0
mixed_services,4,20261408,102,2,10,0
mixed_services,4,20261408,103,1,5,0
mixed_services,4,20261408,104,1,10,0
mixed_services,4,20261408,105,2,10,0
mixed_services,4,20261408,106,0,10,0
mixed_services,4,20261408,107,2,10,0
mixed_services,4,20261408,108,0,40,0
mixed_services,4,20261408,109,2,40,0
mixed_services,4,20261408,110,1,10,0
mixed_services,4,20261408,111,0,10,0
mixed_services,4,20261408,112,0,40,0
mixed_services,4,20261408,113,2,5,0
mixed_services,4,20261408,114,0,10,0
mixed_services,4,20261408,115,1,10,0
mixed_services,4,20261408,116,1,40,0
mixed_services,4,20261408,117,2,5,0
mixed_services,4,20261408,118,0,5,0
mixed_services,4,20261408,119,0,40,0
clustered_rounds,4,20261409,0,0,10,0
clustered_rounds,4,20261409,1,0,10,0
clustered_rounds,4,20261409,2,0,10,0
clustered_rounds,4,20261409,3,0,10,0
clustered_rounds,4,20261409,4,0,10,0
clustered_rounds,4,20261409,5,0,10,0
clustered_rounds,4,20261409,6,0,10,0
clustered_rounds,4,20261409,7,0,10,0
clustered_rounds,4,20261409,8,0,10,0
clustered_rounds,4,20261409,9,0,10,0
clustered_rounds,4,20261409,10,0,10,0
clustered_rounds,4,20261409,11,0,10,0
clustered_rounds,4,20261409,12,0,10,0
clustered_rounds,4,20261409,13,0,10,0
clustered_rounds,4,20261409,14,0,10,0
clustered_rounds,4,20261409,15,0,10,0
clustered_rounds,4,20261409,16,0,10,0
clustered_rounds,4,20261409,17,0,10,0
clustered_rounds,4,20261409,18,0,10,0
clustered_rounds,4,20261409,19,0,10,0
clustered_rounds,4,20261409,20,0,10,0
clustered_rounds,4,20261409,21,0,10,0
clustered_rounds,4,20261409,22,0,10,0
clustered_rounds,4,20261409,23,0,10,0
clustered_rounds,4,20261409,24,0,10,0
clustered_rounds,4,20261409,25,0,10,0
clustered_rounds,4,20261409,26,0,10,0
clustered_rounds,4,20261409,27,0,10,0
clustered_rounds,4,20261409,28,0,10,0
clustered_rounds,4,20261409,29,0,10,0
clustered_rounds,4,20261409,30,0,10,0
clustered_rounds,4,20261409,31,0,10,0
clustered_rounds,4,20261409,32,0,10,0
clustered_rounds,4,20261409,33,0,10,0
clustered_rounds,4,20261409,34,0,10,0
clustered_rounds,4,20261409,35,0,10,0
clustered_rounds,4,20261409,36,0,10,0
clustered_rounds,4,20261409,37,0,10,0
clustered_rounds,4,20261409,38,0,10,0
clustered_rounds,4,20261409,39,0,10,0
clustered_rounds,4,20261409,40,1,10,0
clustered_rounds,4,20261409,41,1,10,0
clustered_rounds,4,20261409,42,1,10,0
clustered_rounds,4,20261409,43,1,10,0
clustered_rounds,4,20261409,44,1,10,0
clustered_rounds,4,20261409,45,1,10,0
clustered_rounds,4,20261409,46,1,10,0
clustered_rounds,4,20261409,47,1,10,0
clustered_rounds,4,20261409,48,1,10,0
clustered_rounds,4,20261409,49,1,10,0
clustered_rounds,4,20261409,50,1,10,0
clustered_rounds,4,20261409,51,1,10,0
clustered_rounds,4,20261409,52,1,10,0
clustered_rounds,4,20261409,53,1,10,0
clustered_rounds,4,20261409,54,1,10,0
clustered_rounds,4,20261409,55,1,10,0
clustered_rounds,4,20261409,56,1,10,0
clustered_rounds,4,20261409,57,1,10,0
clustered_rounds,4,20261409,58,1,10,0
clustered_rounds,4,20261409,59,1,10,0
clustered_rounds,4,20261409,60,1,10,0
clustered_rounds,4,20261409,61,1,10,0
clustered_rounds,4,20261409,62,1,10,0
clustered_rounds,4,20261409,63,1,10,0
clustered_rounds,4,20261409,64,1,10,0
clustered_rounds,4,20261409,65,1,10,0
clustered_rounds,4,20261409,66,1,10,0
clustered_rounds,4,20261409,67,1,10,0
clustered_rounds,4,20261409,68,1,10,0
clustered_rounds,4,20261409,69,1,10,0
clustered_rounds,4,20261409,70,1,10,0
clustered_rounds,4,20261409,71,1,10,0
clustered_rounds,4,20261409,72,1,10,0
clustered_rounds,4,20261409,73,1,10,0
clustered_rounds,4,20261409,74,1,10,0
clustered_rounds,4,20261409,75,1,10,0
clustered_rounds,4,20261409,76,1,10,0
clustered_rounds,4,20261409,77,1,10,0
clustered_rounds,4,20261409,78,1,10,0
clustered_rounds,4,20261409,79,1,10,0
clustered_rounds,4,20261409,80,2,10,0
clustered_rounds,4,20261409,81,2,10,0
clustered_rounds,4,20261409,82,2,10,0
clustered_rounds,4,20261409,83,2,10,0
clustered_rounds,4,20261409,84,2,10,0
clustered_rounds,4,20261409,85,2,10,0
clustered_rounds,4,20261409,86,2,10,0
clustered_rounds,4,20261409,87,2,10,0
clustered_rounds,4,20261409,88,2,10,0
clustered_rounds,4,20261409,89,2,10,0
clustered_rounds,4,20261409,90,2,10,0
clustered_rounds,4,20261409,91,2,10,0
clustered_rounds,4,20261409,92,2,10,0
clustered_rounds,4,20261409,93,2,10,0
clustered_rounds,4,20261409,94,2,10,0
clustered_rounds,4,20261409,95,2,10,0
clustered_rounds,4,20261409,96,2,10,0
clustered_rounds,4,20261409,97,2,10,0
clustered_rounds,4,20261409,98,2,10,0
clustered_rounds,4,20261409,99,2,10,0
clustered_rounds,4,20261409,100,2,10,0
clustered_rounds,4,20261409,101,2,10,0
clustered_rounds,4,20261409,102,2,10,0
clustered_rounds,4,20261409,103,2,10,0
clustered_rounds,4,20261409,104,2,10,0
clustered_rounds,4,20261409,105,2,10,0
clustered_rounds,4,20261409,106,2,10,0
clustered_rounds,4,20261409,107,2,10,0
clustered_rounds,4,20261409,108,2,10,0
clustered_rounds,4,20261409,109,2,10,0
clustered_rounds,4,20261409,110,2,10,0
clustered_rounds,4,20261409,111,2,10,0
clustered_rounds,4,20261409,112,2,10,0
clustered_rounds,4,20261409,113,2,10,0
clustered_rounds,4,20261409,114,2,10,0
clustered_rounds,4,20261409,115,2,10,0
clustered_rounds,4,20261409,116,2,10,0
clustered_rounds,4,20261409,117,2,10,0
clustered_rounds,4,20261409,118,2,10,0
clustered_rounds,4,20261409,119,2,10,0
burst_requests,4,20261410,0,0,10,0
burst_requests,4,20261410,1,1,10,0
burst_requests,4,20261410,2,2,10,0
burst_requests,4,20261410,3,0,10,0
burst_requests,4,20261410,4,2,10,0
burst_requests,4,20261410,5,1,10,0
burst_requests,4,20261410,6,1,10,0
burst_requests,4,20261410,7,1,10,0
burst_requests,4,20261410,8,1,10,0
burst_requests,4,20261410,9,0,10,0
burst_requests,4,20261410,10,1,10,0
burst_requests,4,20261410,11,2,10,0
burst_requests,4,20261410,12,0,10,0
burst_requests,4,20261410,13,2,10,0
burst_requests,4,20261410,14,2,10,0
burst_requests,4,20261410,15,1,10,0
burst_requests,4,20261410,16,0,10,0
burst_requests,4,20261410,17,1,10,0
burst_requests,4,20261410,18,2,10,0
burst_requests,4,20261410,19,1,10,0
burst_requests,4,20261410,20,1,10,0
burst_requests,4,20261410,21,0,10,0
burst_requests,4,20261410,22,0,10,0
burst_requests,4,20261410,23,0,10,0
burst_requests,4,20261410,24,2,10,0
burst_requests,4,20261410,25,2,10,0
burst_requests,4,20261410,26,1,10,0
burst_requests,4,20261410,27,2,10,0
burst_requests,4,20261410,28,2,10,0
burst_requests,4,20261410,29,2,10,0
burst_requests,4,20261410,30,1,10,0
burst_requests,4,20261410,31,2,10,0
burst_requests,4,20261410,32,0,10,0
burst_requests,4,20261410,33,0,10,0
burst_requests,4,20261410,34,0,10,0
burst_requests,4,20261410,35,2,10,0
burst_requests,4,20261410,36,1,10,0
burst_requests,4,20261410,37,1,10,0
burst_requests,4,20261410,38,0,10,0
burst_requests,4,20261410,39,2,10,0
burst_requests,4,20261410,40,1,10,200
burst_requests,4,20261410,41,1,10,200
burst_requests,4,20261410,42,0,10,200
burst_requests,4,20261410,43,0,10,200
burst_requests,4,20261410,44,0,10,200
burst_requests,4,20261410,45,0,10,200
burst_requests,4,20261410,46,2,10,200
burst_requests,4,20261410,47,1,10,200
burst_requests,4,20261410,48,2,10,200
burst_requests,4,20261410,49,1,10,200
burst_requests,4,20261410,50,0,10,200
burst_requests,4,20261410,51,0,10,200
burst_requests,4,20261410,52,1,10,200
burst_requests,4,20261410,53,2,10,200
burst_requests,4,20261410,54,1,10,200
burst_requests,4,20261410,55,2,10,200
burst_requests,4,20261410,56,2,10,200
burst_requests,4,20261410,57,1,10,200
burst_requests,4,20261410,58,0,10,200
burst_requests,4,20261410,59,2,10,200
burst_requests,4,20261410,60,2,10,200
burst_requests,4,20261410,61,0,10,200
burst_requests,4,20261410,62,0,10,200
burst_requests,4,20261410,63,1,10,200
burst_requests,4,20261410,64,2,10,200
burst_requests,4,20261410,65,1,10,200
burst_requests,4,20261410,66,2,10,200
burst_requests,4,20261410,67,0,10,200
burst_requests,4,20261410,68,1,10,200
burst_requests,4,20261410,69,2,10,200
burst_requests,4,20261410,70,2,10,200
burst_requests,4,20261410,71,1,10,200
burst_requests,4,20261410,72,2,10,200
burst_requests,4,20261410,73,0,10,200
burst_requests,4,20261410,74,2,10,200
burst_requests,4,20261410,75,2,10,200
burst_requests,4,20261410,76,1,10,200
burst_requests,4,20261410,77,0,10,200
burst_requests,4,20261410,78,0,10,200
burst_requests,4,20261410,79,2,10,200
burst_requests,4,20261410,80,1,10,400
burst_requests,4,20261410,81,2,10,400
burst_requests,4,20261410,82,0,10,400
burst_requests,4,20261410,83,1,10,400
burst_requests,4,20261410,84,1,10,400
burst_requests,4,20261410,85,0,10,400
burst_requests,4,20261410,86,0,10,400
burst_requests,4,20261410,87,0,10,400
burst_requests,4,20261410,88,0,10,400
burst_requests,4,20261410,89,2,10,400
burst_requests,4,20261410,90,0,10,400
burst_requests,4,20261410,91,2,10,400
burst_requests,4,20261410,92,0,10,400
burst_requests,4,20261410,93,1,10,400
burst_requests,4,20261410,94,1,10,400
burst_requests,4,20261410,95,2,10,400
burst_requests,4,20261410,96,1,10,400
burst_requests,4,20261410,97,1,10,400
burst_requests,4,20261410,98,2,10,400
burst_requests,4,20261410,99,0,10,400
burst_requests,4,20261410,100,2,10,400
burst_requests,4,20261410,101,0,10,400
burst_requests,4,20261410,102,1,10,400
burst_requests,4,20261410,103,0,10,400
burst_requests,4,20261410,104,2,10,400
burst_requests,4,20261410,105,1,10,400
burst_requests,4,20261410,106,2,10,400
burst_requests,4,20261410,107,0,10,400
burst_requests,4,20261410,108,0,10,400
burst_requests,4,20261410,109,1,10,400
burst_requests,4,20261410,110,2,10,400
burst_requests,4,20261410,111,1,10,400
burst_requests,4,20261410,112,0,10,400
burst_requests,4,20261410,113,0,10,400
burst_requests,4,20261410,114,1,10,400
burst_requests,4,20261410,115,0,10,400
burst_requests,4,20261410,116,1,10,400
burst_requests,4,20261410,117,2,10,400
burst_requests,4,20261410,118,1,10,400
burst_requests,4,20261410,119,2,10,400
multi_ward,4,20261411,0,4,10,0
multi_ward,4,20261411,1,4,10,0
multi_ward,4,20261411,2,1,10,0
multi_ward,4,20261411,3,0,10,0
multi_ward,4,20261411,4,2,10,0
multi_ward,4,20261411,5,5,10,0
multi_ward,4,20261411,6,5,10,0
multi_ward,4,20261411,7,0,10,0
multi_ward,4,20261411,8,4,10,0
multi_ward,4,20261411,9,4,10,0
multi_ward,4,20261411,10,3,10,0
multi_ward,4,20261411,11,1,10,0
multi_ward,4,20261411,12,0,10,0
multi_ward,4,20261411,13,3,10,0
multi_ward,4,20261411,14,1,10,0
multi_ward,4,20261411,15,5,10,0
multi_ward,4,20261411,16,5,10,0
multi_ward,4,20261411,17,4,10,0
multi_ward,4,20261411,18,2,10,0
multi_ward,4,20261411,19,0,10,0
multi_ward,4,20261411,20,0,10,0
multi_ward,4,20261411,21,5,10,0
multi_ward,4,20261411,22,1,10,0
multi_ward,4,20261411,23,0,10,0
multi_ward,4,20261411,24,0,10,0
multi_ward,4,20261411,25,0,10,0
multi_ward,4,20261411,26,1,10,0
multi_ward,4,20261411,27,3,10,0
multi_ward,4,20261411,28,5,10,0
multi_ward,4,20261411,29,2,10,0
multi_ward,4,20261411,30,0,10,0
multi_ward,4,20261411,31,4,10,0
multi_ward,4,20261411,32,4,10,0
multi_ward,4,20261411,33,1,10,0
multi_ward,4,20261411,34,0,10,0
multi_ward,4,20261411,35,1,10,0
multi_ward,4,20261411,36,2,10,0
multi_ward,4,20261411,37,0,10,0
multi_ward,4,20261411,38,3,10,0
multi_ward,4,20261411,39,3,10,0
multi_ward,4,20261411,40,5,10,0
multi_ward,4,20261411,41,3,10,0
multi_ward,4,20261411,42,1,10,0
multi_ward,4,20261411,43,4,10,0
multi_ward,4,20261411,44,2,10,0
multi_ward,4,20261411,45,5,10,0
multi_ward,4,20261411,46,3,10,0
multi_ward,4,20261411,47,4,10,0
multi_ward,4,20261411,48,4,10,0
multi_ward,4,20261411,49,4,10,0
multi_ward,4,20261411,50,2,10,0
multi_ward,4,20261411,51,0,10,0
multi_ward,4,20261411,52,4,10,0
multi_ward,4,20261411,53,3,10,0
multi_ward,4,20261411,54,5,10,0
multi_ward,4,20261411,55,1,10,0
multi_ward,4,20261411,56,4,10,0
multi_ward,4,20261411,57,1,10,0
multi_ward,4,20261411,58,1,10,0
multi_ward,4,20261411,59,2,10,0
multi_ward,4,20261411,60,5,10,0
multi_ward,4,20261411,61,1,10,0
multi_ward,4,20261411,62,1,10,0
multi_ward,4,20261411,63,4,10,0
multi_ward,4,20261411,64,4,10,0
multi_ward,4,20261411,65,2,10,0
multi_ward,4,20261411,66,5,10,0
multi_ward,4,20261411,67,3,10,0
multi_ward,4,20261411,68,4,10,0
multi_ward,4,20261411,69,5,10,0
multi_ward,4,20261411,70,2,10,0
multi_ward,4,20261411,71,1,10,0
multi_ward,4,20261411,72,5,10,0
multi_ward,4,20261411,73,2,10,0
multi_ward,4,20261411,74,0,10,0
multi_ward,4,20261411,75,3,10,0
multi_ward,4,20261411,76,1,10,0
multi_ward,4,20261411,77,2,10,0
multi_ward,4,20261411,78,0,10,0
multi_ward,4,20261411,79,2,10,0
multi_ward,4,20261411,80,1,10,0
multi_ward,4,20261411,81,3,10,0
multi_ward,4,20261411,82,5,10,0
multi_ward,4,20261411,83,3,10,0
multi_ward,4,20261411,84,4,10,0
multi_ward,4,20261411,85,4,10,0
multi_ward,4,20261411,86,2,10,0
multi_ward,4,20261411,87,3,10,0
multi_ward,4,20261411,88,5,10,0
multi_ward,4,20261411,89,0,10,0
multi_ward,4,20261411,90,0,10,0
multi_ward,4,20261411,91,1,10,0
multi_ward,4,20261411,92,1,10,0
multi_ward,4,20261411,93,2,10,0
multi_ward,4,20261411,94,5,10,0
multi_ward,4,20261411,95,2,10,0
multi_ward,4,20261411,96,5,10,0
multi_ward,4,20261411,97,3,10,0
multi_ward,4,20261411,98,1,10,0
multi_ward,4,20261411,99,3,10,0
multi_ward,4,20261411,100,0,10,0
multi_ward,4,20261411,101,2,10,0
multi_ward,4,20261411,102,3,10,0
multi_ward,4,20261411,103,1,10,0
multi_ward,4,20261411,104,3,10,0
multi_ward,4,20261411,105,3,10,0
multi_ward,4,20261411,106,2,10,0
multi_ward,4,20261411,107,5,10,0
multi_ward,4,20261411,108,2,10,0
multi_ward,4,20261411,109,4,10,0
multi_ward,4,20261411,110,4,10,0
multi_ward,4,20261411,111,2,10,0
multi_ward,4,20261411,112,5,10,0
multi_ward,4,20261411,113,3,10,0
multi_ward,4,20261411,114,0,10,0
multi_ward,4,20261411,115,3,10,0
multi_ward,4,20261411,116,5,10,0
multi_ward,4,20261411,117,2,10,0
multi_ward,4,20261411,118,0,10,0
multi_ward,4,20261411,119,0,10,0
ward_delivery,5,20261506,0,2,10,0
ward_delivery,5,20261506,1,2,10,0
ward_delivery,5,20261506,2,1,10,0
ward_delivery,5,20261506,3,0,10,0
ward_delivery,5,20261506,4,0,10,0
ward_delivery,5,20261506,5,1,10,0
ward_delivery,5,20261506,6,0,10,0
ward_delivery,5,20261506,7,0,10,0
ward_delivery,5,20261506,8,0,10,0
ward_delivery,5,20261506,9,2,10,0
ward_delivery,5,20261506,10,2,10,0
ward_delivery,5,20261506,11,2,10,0
ward_delivery,5,20261506,12,2,10,0
ward_delivery,5,20261506,13,2,10,0
ward_delivery,5,20261506,14,0,10,0
ward_delivery,5,20261506,15,1,10,0
ward_delivery,5,20261506,16,1,10,0
ward_delivery,5,20261506,17,0,10,0
ward_delivery,5,20261506,18,1,10,0
ward_delivery,5,20261506,19,2,10,0
ward_delivery,5,20261506,20,2,10,0
ward_delivery,5,20261506,21,1,10,0
ward_delivery,5,20261506,22,1,10,0
ward_delivery,5,20261506,23,1,10,0
ward_delivery,5,20261506,24,1,10,0
ward_delivery,5,20261506,25,1,10,0
ward_delivery,5,20261506,26,2,10,0
ward_delivery,5,20261506,27,0,10,0
ward_delivery,5,20261506,28,2,10,0
ward_delivery,5,20261506,29,2,10,0
ward_delivery,5,20261506,30,2,10,0
ward_delivery,5,20261506,31,1,10,0
ward_delivery,5,20261506,32,1,10,0
ward_delivery,5,20261506,33,1,10,0
ward_delivery,5,20261506,34,0,10,0
ward_delivery,5,20261506,35,2,10,0
ward_delivery,5,20261506,36,1,10,0
ward_delivery,5,20261506,37,0,10,0
ward_delivery,5,20261506,38,1,10,0
ward_delivery,5,20261506,39,1,10,0
ward_delivery,5,20261506,40,0,10,0
ward_delivery,5,20261506,41,2,10,0
ward_delivery,5,20261506,42,1,10,0
ward_delivery,5,20261506,43,2,10,0
ward_delivery,5,20261506,44,0,10,0
ward_delivery,5,20261506,45,0,10,0
ward_delivery,5,20261506,46,2,10,0
ward_delivery,5,20261506,47,0,10,0
ward_delivery,5,20261506,48,2,10,0
ward_delivery,5,20261506,49,1,10,0
ward_delivery,5,20261506,50,1,10,0
ward_delivery,5,20261506,51,2,10,0
ward_delivery,5,20261506,52,0,10,0
ward_delivery,5,20261506,53,1,10,0
ward_delivery,5,20261506,54,0,10,0
ward_delivery,5,20261506,55,0,10,0
ward_delivery,5,20261506,56,2,10,0
ward_delivery,5,20261506,57,1,10,0
ward_delivery,5,20261506,58,1,10,0
ward_delivery,5,20261506,59,1,10,0
ward_delivery,5,20261506,60,2,10,0
ward_delivery,5,20261506,61,2,10,0
ward_delivery,5,20261506,62,0,10,0
ward_delivery,5,20261506,63,2,10,0
ward_delivery,5,20261506,64,1,10,0
ward_delivery,5,20261506,65,1,10,0
ward_delivery,5,20261506,66,2,10,0
ward_delivery,5,20261506,67,0,10,0
ward_delivery,5,20261506,68,0,10,0
ward_delivery,5,20261506,69,0,10,0
ward_delivery,5,20261506,70,2,10,0
ward_delivery,5,20261506,71,0,10,0
ward_delivery,5,20261506,72,1,10,0
ward_delivery,5,20261506,73,2,10,0
ward_delivery,5,20261506,74,2,10,0
ward_delivery,5,20261506,75,0,10,0
ward_delivery,5,20261506,76,2,10,0
ward_delivery,5,20261506,77,0,10,0
ward_delivery,5,20261506,78,0,10,0
ward_delivery,5,20261506,79,0,10,0
ward_delivery,5,20261506,80,0,10,0
ward_delivery,5,20261506,81,1,10,0
ward_delivery,5,20261506,82,2,10,0
ward_delivery,5,20261506,83,2,10,0
ward_delivery,5,20261506,84,2,10,0
ward_delivery,5,20261506,85,1,10,0
ward_delivery,5,20261506,86,0,10,0
ward_delivery,5,20261506,87,2,10,0
ward_delivery,5,20261506,88,1,10,0
ward_delivery,5,20261506,89,0,10,0
ward_delivery,5,20261506,90,1,10,0
ward_delivery,5,20261506,91,2,10,0
ward_delivery,5,20261506,92,1,10,0
ward_delivery,5,20261506,93,0,10,0
ward_delivery,5,20261506,94,1,10,0
ward_delivery,5,20261506,95,2,10,0
ward_delivery,5,20261506,96,1,10,0
ward_delivery,5,20261506,97,1,10,0
ward_delivery,5,20261506,98,0,10,0
ward_delivery,5,20261506,99,1,10,0
ward_delivery,5,20261506,100,2,10,0
ward_delivery,5,20261506,101,1,10,0
ward_delivery,5,20261506,102,1,10,0
ward_delivery,5,20261506,103,0,10,0
ward_delivery,5,20261506,104,2,10,0
ward_delivery,5,20261506,105,1,10,0
ward_delivery,5,20261506,106,1,10,0
ward_delivery,5,20261506,107,1,10,0
ward_delivery,5,20261506,108,2,10,0
ward_delivery,5,20261506,109,0,10,0
ward_delivery,5,20261506,110,0,10,0
ward_delivery,5,20261506,111,0,10,0
ward_delivery,5,20261506,112,0,10,0
ward_delivery,5,20261506,113,2,10,0
ward_delivery,5,20261506,114,0,10,0
ward_delivery,5,20261506,115,0,10,0
ward_delivery,5,20261506,116,2,10,0
ward_delivery,5,20261506,117,0,10,0
ward_delivery,5,20261506,118,2,10,0
ward_delivery,5,20261506,119,0,10,0
pharmacy_hotspot,5,20261507,0,0,10,0
pharmacy_hotspot,5,20261507,1,2,10,0
pharmacy_hotspot,5,20261507,2,1,10,0
pharmacy_hotspot,5,20261507,3,0,10,0
pharmacy_hotspot,5,20261507,4,0,10,0
pharmacy_hotspot,5,20261507,5,0,10,0
pharmacy_hotspot,5,20261507,6,0,10,0
pharmacy_hotspot,5,20261507,7,0,10,0
pharmacy_hotspot,5,20261507,8,0,10,0
pharmacy_hotspot,5,20261507,9,0,10,0
pharmacy_hotspot,5,20261507,10,0,10,0
pharmacy_hotspot,5,20261507,11,0,10,0
pharmacy_hotspot,5,20261507,12,0,10,0
pharmacy_hotspot,5,20261507,13,0,10,0
pharmacy_hotspot,5,20261507,14,1,10,0
pharmacy_hotspot,5,20261507,15,0,10,0
pharmacy_hotspot,5,20261507,16,0,10,0
pharmacy_hotspot,5,20261507,17,1,10,0
pharmacy_hotspot,5,20261507,18,0,10,0
pharmacy_hotspot,5,20261507,19,0,10,0
pharmacy_hotspot,5,20261507,20,0,10,0
pharmacy_hotspot,5,20261507,21,0,10,0
pharmacy_hotspot,5,20261507,22,0,10,0
pharmacy_hotspot,5,20261507,23,2,10,0
pharmacy_hotspot,5,20261507,24,0,10,0
pharmacy_hotspot,5,20261507,25,0,10,0
pharmacy_hotspot,5,20261507,26,0,10,0
pharmacy_hotspot,5,20261507,27,0,10,0
pharmacy_hotspot,5,20261507,28,0,10,0
pharmacy_hotspot,5,20261507,29,0,10,0
pharmacy_hotspot,5,20261507,30,0,10,0
pharmacy_hotspot,5,20261507,31,0,10,0
pharmacy_hotspot,5,20261507,32,0,10,0
pharmacy_hotspot,5,20261507,33,2,10,0
pharmacy_hotspot,5,20261507,34,1,10,0
pharmacy_hotspot,5,20261507,35,0,10,0
pharmacy_hotspot,5,20261507,36,0,10,0
pharmacy_hotspot,5,20261507,37,0,10,0
pharmacy_hotspot,5,20261507,38,0,10,0
pharmacy_hotspot,5,20261507,39,0,10,0
pharmacy_hotspot,5,20261507,40,0,10,0
pharmacy_hotspot,5,20261507,41,0,10,0
pharmacy_hotspot,5,20261507,42,0,10,0
pharmacy_hotspot,5,20261507,43,1,10,0
pharmacy_hotspot,5,20261507,44,0,10,0
pharmacy_hotspot,5,20261507,45,0,10,0
pharmacy_hotspot,5,20261507,46,0,10,0
pharmacy_hotspot,5,20261507,47,0,10,0
pharmacy_hotspot,5,20261507,48,0,10,0
pharmacy_hotspot,5,20261507,49,0,10,0
pharmacy_hotspot,5,20261507,50,0,10,0
pharmacy_hotspot,5,20261507,51,0,10,0
pharmacy_hotspot,5,20261507,52,0,10,0
pharmacy_hotspot,5,20261507,53,0,10,0
pharmacy_hotspot,5,20261507,54,2,10,0
pharmacy_hotspot,5,20261507,55,0,10,0
pharmacy_hotspot,5,20261507,56,0,10,0
pharmacy_hotspot,5,20261507,57,0,10,0
pharmacy_hotspot,5,20261507,58,0,10,0
pharmacy_hotspot,5,20261507,59,0,10,0
pharmacy_hotspot,5,20261507,60,1,10,0
pharmacy_hotspot,5,20261507,61,0,10,0
pharmacy_hotspot,5,20261507,62,0,10,0
pharmacy_hotspot,5,20261507,63,1,10,0
pharmacy_hotspot,5,20261507,64,0,10,0
pharmacy_hotspot,5,20261507,65,0,10,0
pharmacy_hotspot,5,20261507,66,0,10,0
pharmacy_hotspot,5,20261507,67,0,10,0
pharmacy_hotspot,5,20261507,68,2,10,0
pharmacy_hotspot,5,20261507,69,0,10,0
pharmacy_hotspot,5,20261507,70,0,10,0
pharmacy_hotspot,5,20261507,71,0,10,0
pharmacy_hotspot,5,20261507,72,0,10,0
pharmacy_hotspot,5,20261507,73,2,10,0
pharmacy_hotspot,5,20261507,74,2,10,0
pharmacy_hotspot,5,20261507,75,1,10,0
pharmacy_hotspot,5,20261507,76,0,10,0
pharmacy_hotspot,5,20261507,77,0,10,0
pharmacy_hotspot,5,20261507,78,0,10,0
pharmacy_hotspot,5,20261507,79,0,10,0
pharmacy_hotspot,5,20261507,80,0,10,0
pharmacy_hotspot,5,20261507,81,0,10,0
pharmacy_hotspot,5,20261507,82,0,10,0
pharmacy_hotspot,5,20261507,83,0,10,0
pharmacy_hotspot,5,20261507,84,0,10,0
pharmacy_hotspot,5,20261507,85,0,10,0
pharmacy_hotspot,5,20261507,86,1,10,0
pharmacy_hotspot,5,20261507,87,0,10,0
pharmacy_hotspot,5,20261507,88,2,10,0
pharmacy_hotspot,5,20261507,89,0,10,0
pharmacy_hotspot,5,20261507,90,0,10,0
pharmacy_hotspot,5,20261507,91,0,10,0
pharmacy_hotspot,5,20261507,92,2,10,0
pharmacy_hotspot,5,20261507,93,0,10,0
pharmacy_hotspot,5,20261507,94,1,10,0
pharmacy_hotspot,5,20261507,95,0,10,0
pharmacy_hotspot,5,20261507,96,0,10,0
pharmacy_hotspot,5,20261507,97,0,10,0
pharmacy_hotspot,5,20261507,98,1,10,0
pharmacy_hotspot,5,20261507,99,0,10,0
pharmacy_hotspot,5,20261507,100,0,10,0
pharmacy_hotspot,5,20261507,101,0,10,0
pharmacy_hotspot,5,20261507,102,0,10,0
pharmacy_hotspot,5,20261507,103,0,10,0
pharmacy_hotspot,5,20261507,104,0,10,0
pharmacy_hotspot,5,20261507,105,0,10,0
pharmacy_hotspot,5,20261507,106,1,10,0
pharmacy_hotspot,5,20261507,107,0,10,0
pharmacy_hotspot,5,20261507,108,0,10,0
pharmacy_hotspot,5,20261507,109,0,10,0
pharmacy_hotspot,5,20261507,110,2,10,0
pharmacy_hotspot,5,20261507,111,2,10,0
pharmacy_hotspot,5,20261507,112,2,10,0
pharmacy_hotspot,5,20261507,113,0,10,0
pharmacy_hotspot,5,20261507,114,0,10,0
pharmacy_hotspot,5,20261507,115,0,10,0
pharmacy_hotspot,5,20261507,116,0,10,0
pharmacy_hotspot,5,20261507,117,0,10,0
pharmacy_hotspot,5,20261507,118,0,10,0
pharmacy_hotspot,5,20261507,119,0,10,0
mixed_services,5,20261508,0,2,10,0
mixed_services,5,20261508,1,0,40,0
mixed_services,5,20261508,2,0,40,0
mixed_services,5,20261508,3,0,10,0
mixed_services,5,20261508,4,2,10,0
mixed_services,5,20261508,5,2,40,0
mixed_services,5,20261508,6,0,40,0
mixed_services,5,20261508,7,0,5,0
mixed_services,5,20261508,8,0,5,0
mixed_services,5,20261508,9,1,10,0
mixed_services,5,20261508,10,0,40,0
mixed_services,5,20261508,11,0,5,0
mixed_services,5,20261508,12,2,40,0
mixed_services,5,20261508,13,2,10,0
mixed_services,5,20261508,14,0,10,0
mixed_services,5,20261508,15,1,10,0
mixed_services,5,20261508,16,1,40,0
mixed_services,5,20261508,17,0,10,0
mixed_services,5,20261508,18,0,5,0
mixed_services,5,20261508,19,1,40,0
mixed_services,5,20261508,20,2,5,0
mixed_services,5,20261508,21,1,5,0
mixed_services,5,20261508,22,0,5,0
mixed_services,5,20261508,23,1,5,0
mixed_services,5,20261508,24,1,5,0
mixed_services,5,20261508,25,2,40,0
mixed_services,5,20261508,26,0,5,0
mixed_services,5,20261508,27,0,40,0
mixed_services,5,20261508,28,0,5,0
mixed_services,5,20261508,29,1,5,0
mixed_services,5,20261508,30,0,40,0
mixed_services,5,20261508,31,1,5,0
mixed_services,5,20261508,32,1,5,0
mixed_services,5,20261508,33,1,5,0
mixed_services,5,20261508,34,2,40,0
mixed_services,5,20261508,35,2,40,0
mixed_services,5,20261508,36,2,5,0
mixed_services,5,20261508,37,1,40,0
mixed_services,5,20261508,38,1,5,0
mixed_services,5,20261508,39,1,10,0
mixed_services,5,20261508,40,2,40,0
mixed_services,5,20261508,41,0,40,0
mixed_services,5,20261508,42,1,10,0
mixed_services,5,20261508,43,1,5,0
mixed_services,5,20261508,44,2,5,0
mixed_services,5,20261508,45,2,10,0
mixed_services,5,20261508,46,1,40,0
mixed_services,5,20261508,47,2,10,0
mixed_services,5,20261508,48,2,40,0
mixed_services,5,20261508,49,0,40,0
mixed_services,5,20261508,50,2,10,0
mixed_services,5,20261508,51,2,5,0
mixed_services,5,20261508,52,2,40,0
mixed_services,5,20261508,53,1,10,0
mixed_services,5,20261508,54,0,10,0
mixed_services,5,20261508,55,0,10,0
mixed_services,5,20261508,56,1,10,0
mixed_services,5,20261508,57,2,40,0
mixed_services,5,20261508,58,2,5,0
mixed_services,5,20261508,59,1,10,0
mixed_services,5,20261508,60,1,40,0
mixed_services,5,20261508,61,1,10,0
mixed_services,5,20261508,62,2,5,0
mixed_services,5,20261508,63,0,5,0
mixed_services,5,20261508,64,0,40,0
mixed_services,5,20261508,65,1,5,0
mixed_services,5,20261508,66,2,5,0
mixed_services,5,20261508,67,2,40,0
mixed_services,5,20261508,68,0,10,0
mixed_services,5,20261508,69,2,10,0
mixed_services,5,20261508,70,2,10,0
mixed_services,5,20261508,71,0,5,0
mixed_services,5,20261508,72,1,5,0
mixed_services,5,20261508,73,1,40,0
mixed_services,5,20261508,74,2,5,0
mixed_services,5,20261508,75,0,10,0
mixed_services,5,20261508,76,0,10,0
mixed_services,5,20261508,77,1,40,0
mixed_services,5,20261508,78,1,10,0
mixed_services,5,20261508,79,2,10,0
mixed_services,5,20261508,80,0,40,0
mixed_services,5,20261508,81,1,40,0
mixed_services,5,20261508,82,2,5,0
mixed_services,5,20261508,83,0,40,0
mixed_services,5,20261508,84,0,5,0
mixed_services,5,20261508,85,0,40,0
mixed_services,5,20261508,86,2,40,0
mixed_services,5,20261508,87,1,40,0
mixed_services,5,20261508,88,1,10,0
mixed_services,5,20261508,89,2,5,0
mixed_services,5,20261508,90,1,40,0
mixed_services,5,20261508,91,1,40,0
mixed_services,5,20261508,92,2,10,0
mixed_services,5,20261508,93,0,5,0
mixed_services,5,20261508,94,0,10,0
mixed_services,5,20261508,95,0,10,0
mixed_services,5,20261508,96,1,5,0
mixed_services,5,20261508,97,2,10,0
mixed_services,5,20261508,98,0,5,0
mixed_services,5,20261508,99,0,10,0
mixed_services,5,20261508,100,1,40,0
mixed_services,5,20261508,101,1,5,0
mixed_services,5,20261508,102,2,10,0
mixed_services,5,20261508,103,1,10,0
mixed_services,5,20261508,104,0,5,0
mixed_services,5,20261508,105,2,5,0
mixed_services,5,20261508,106,0,10,0
mixed_services,5,20261508,107,0,40,0
mixed_services,5,20261508,108,1,10,0
mixed_services,5,20261508,109,2,10,0
mixed_services,5,20261508,110,1,5,0
mixed_services,5,20261508,111,2,40,0
mixed_services,5,20261508,112,1,10,0
mixed_services,5,20261508,113,2,5,0
mixed_services,5,20261508,114,0,5,0
mixed_services,5,20261508,115,2,40,0
mixed_services,5,20261508,116,2,5,0
mixed_services,5,20261508,117,1,40,0
mixed_services,5,20261508,118,0,10,0
mixed_services,5,20261508,119,2,5,0
clustered_rounds,5,20261509,0,0,10,0
clustered_rounds,5,20261509,1,0,10,0
clustered_rounds,5,20261509,2,0,10,0
clustered_rounds,5,20261509,3,0,10,0
clustered_rounds,5,20261509,4,0,10,0
clustered_rounds,5,20261509,5,0,10,0
clustered_rounds,5,20261509,6,0,10,0
clustered_rounds,5,20261509,7,0,10,0
clustered_rounds,5,20261509,8,0,10,0
clustered_rounds,5,20261509,9,0,10,0
clustered_rounds,5,20261509,10,0,10,0
clustered_rounds,5,20261509,11,0,10,0
clustered_rounds,5,20261509,12,0,10,0
clustered_rounds,5,20261509,13,0,10,0
clustered_rounds,5,20261509,14,0,10,0
clustered_rounds,5,20261509,15,0,10,0
clustered_rounds,5,20261509,16,0,10,0
clustered_rounds,5,20261509,17,0,10,0
clustered_rounds,5,20261509,18,0,10,0
clustered_rounds,5,20261509,19,0,10,0
clustered_rounds,5,20261509,20,0,10,0
clustered_rounds,5,20261509,21,0,10,0
clustered_rounds,5,20261509,22,0,10,0
clustered_rounds,5,20261509,23,0,10,0
clustered_rounds,5,20261509,24,0,10,0
clustered_rounds,5,20261509,25,0,10,0
clustered_rounds,5,20261509,26,0,10,0
clustered_rounds,5,20261509,27,0,10,0
clustered_rounds,5,20261509,28,0,10,0
clustered_rounds,5,20261509,29,0,10,0
clustered_rounds,5,20261509,30,0,10,0
clustered_rounds,5,20261509,31,0,10,0
clustered_rounds,5,20261509,32,0,10,0
clustered_rounds,5,20261509,33,0,10,0
clustered_rounds,5,20261509,34,0,10,0
clustered_rounds,5,20261509,35,0,10,0
clustered_rounds,5,20261509,36,0,10,0
clustered_rounds,5,20261509,37,0,10,0
clustered_rounds,5,20261509,38,0,10,0
clustered_rounds,5,20261509,39,0,10,0
clustered_rounds,5,20261509,40,1,10,0
clustered_rounds,5,20261509,41,1,10,0
clustered_rounds,5,20261509,42,1,10,0
clustered_rounds,5,20261509,43,1,10,0
clustered_rounds,5,20261509,44,1,10,0
clustered_rounds,5,20261509,45,1,10,0
clustered_rounds,5,20261509,46,1,10,0
clustered_rounds,5,20261509,47,1,10,0
clustered_rounds,5,20261509,48,1,10,0
clustered_rounds,5,20261509,49,1,10,0
clustered_rounds,5,20261509,50,1,10,0
clustered_rounds,5,20261509,51,1,10,0
clustered_rounds,5,20261509,52,1,10,0
clustered_rounds,5,20261509,53,1,10,0
clustered_rounds,5,20261509,54,1,10,0
clustered_rounds,5,20261509,55,1,10,0
clustered_rounds,5,20261509,56,1,10,0
clustered_rounds,5,20261509,57,1,10,0
clustered_rounds,5,20261509,58,1,10,0
clustered_rounds,5,20261509,59,1,10,0
clustered_rounds,5,20261509,60,1,10,0
clustered_rounds,5,20261509,61,1,10,0
clustered_rounds,5,20261509,62,1,10,0
clustered_rounds,5,20261509,63,1,10,0
clustered_rounds,5,20261509,64,1,10,0
clustered_rounds,5,20261509,65,1,10,0
clustered_rounds,5,20261509,66,1,10,0
clustered_rounds,5,20261509,67,1,10,0
clustered_rounds,5,20261509,68,1,10,0
clustered_rounds,5,20261509,69,1,10,0
clustered_rounds,5,20261509,70,1,10,0
clustered_rounds,5,20261509,71,1,10,0
clustered_rounds,5,20261509,72,1,10,0
clustered_rounds,5,20261509,73,1,10,0
clustered_rounds,5,20261509,74,1,10,0
clustered_rounds,5,20261509,75,1,10,0
clustered_rounds,5,20261509,76,1,10,0
clustered_rounds,5,20261509,77,1,10,0
clustered_rounds,5,20261509,78,1,10,0
clustered_rounds,5,20261509,79,1,10,0
clustered_rounds,5,20261509,80,2,10,0
clustered_rounds,5,20261509,81,2,10,0
clustered_rounds,5,20261509,82,2,10,0
clustered_rounds,5,20261509,83,2,10,0
clustered_rounds,5,20261509,84,2,10,0
clustered_rounds,5,20261509,85,2,10,0
clustered_rounds,5,20261509,86,2,10,0
clustered_rounds,5,20261509,87,2,10,0
clustered_rounds,5,20261509,88,2,10,0
clustered_rounds,5,20261509,89,2,10,0
clustered_rounds,5,20261509,90,2,10,0
clustered_rounds,5,20261509,91,2,10,0
clustered_rounds,5,20261509,92,2,10,0
clustered_rounds,5,20261509,93,2,10,0
clustered_rounds,5,20261509,94,2,10,0
clustered_rounds,5,20261509,95,2,10,0
clustered_rounds,5,20261509,96,2,10,0
clustered_rounds,5,20261509,97,2,10,0
clustered_rounds,5,20261509,98,2,10,0
clustered_rounds,5,20261509,99,2,10,0
clustered_rounds,5,20261509,100,2,10,0
clustered_rounds,5,20261509,101,2,10,0
clustered_rounds,5,20261509,102,2,10,0
clustered_rounds,5,20261509,103,2,10,0
clustered_rounds,5,20261509,104,2,10,0
clustered_rounds,5,20261509,105,2,10,0
clustered_rounds,5,20261509,106,2,10,0
clustered_rounds,5,20261509,107,2,10,0
clustered_rounds,5,20261509,108,2,10,0
clustered_rounds,5,20261509,109,2,10,0
clustered_rounds,5,20261509,110,2,10,0
clustered_rounds,5,20261509,111,2,10,0
clustered_rounds,5,20261509,112,2,10,0
clustered_rounds,5,20261509,113,2,10,0
clustered_rounds,5,20261509,114,2,10,0
clustered_rounds,5,20261509,115,2,10,0
clustered_rounds,5,20261509,116,2,10,0
clustered_rounds,5,20261509,117,2,10,0
clustered_rounds,5,20261509,118,2,10,0
clustered_rounds,5,20261509,119,2,10,0
burst_requests,5,20261510,0,2,10,0
burst_requests,5,20261510,1,0,10,0
burst_requests,5,20261510,2,1,10,0
burst_requests,5,20261510,3,2,10,0
burst_requests,5,20261510,4,2,10,0
burst_requests,5,20261510,5,0,10,0
burst_requests,5,20261510,6,2,10,0
burst_requests,5,20261510,7,2,10,0
burst_requests,5,20261510,8,1,10,0
burst_requests,5,20261510,9,2,10,0
burst_requests,5,20261510,10,2,10,0
burst_requests,5,20261510,11,1,10,0
burst_requests,5,20261510,12,0,10,0
burst_requests,5,20261510,13,2,10,0
burst_requests,5,20261510,14,0,10,0
burst_requests,5,20261510,15,1,10,0
burst_requests,5,20261510,16,2,10,0
burst_requests,5,20261510,17,2,10,0
burst_requests,5,20261510,18,1,10,0
burst_requests,5,20261510,19,2,10,0
burst_requests,5,20261510,20,0,10,0
burst_requests,5,20261510,21,1,10,0
burst_requests,5,20261510,22,2,10,0
burst_requests,5,20261510,23,0,10,0
burst_requests,5,20261510,24,0,10,0
burst_requests,5,20261510,25,1,10,0
burst_requests,5,20261510,26,0,10,0
burst_requests,5,20261510,27,1,10,0
burst_requests,5,20261510,28,1,10,0
burst_requests,5,20261510,29,1,10,0
burst_requests,5,20261510,30,2,10,0
burst_requests,5,20261510,31,1,10,0
burst_requests,5,20261510,32,0,10,0
burst_requests,5,20261510,33,1,10,0
burst_requests,5,20261510,34,0,10,0
burst_requests,5,20261510,35,0,10,0
burst_requests,5,20261510,36,1,10,0
burst_requests,5,20261510,37,1,10,0
burst_requests,5,20261510,38,0,10,0
burst_requests,5,20261510,39,0,10,0
burst_requests,5,20261510,40,2,10,200
burst_requests,5,20261510,41,2,10,200
burst_requests,5,20261510,42,2,10,200
burst_requests,5,20261510,43,1,10,200
burst_requests,5,20261510,44,0,10,200
burst_requests,5,20261510,45,0,10,200
burst_requests,5,20261510,46,2,10,200
burst_requests,5,20261510,47,2,10,200
burst_requests,5,20261510,48,2,10,200
burst_requests,5,20261510,49,2,10,200
burst_requests,5,20261510,50,1,10,200
burst_requests,5,20261510,51,1,10,200
burst_requests,5,20261510,52,1,10,200
burst_requests,5,20261510,53,2,10,200
burst_requests,5,20261510,54,2,10,200
burst_requests,5,20261510,55,0,10,200
burst_requests,5,20261510,56,1,10,200
burst_requests,5,20261510,57,0,10,200
burst_requests,5,20261510,58,2,10,200
burst_requests,5,20261510,59,0,10,200
burst_requests,5,20261510,60,1,10,200
burst_requests,5,20261510,61,0,10,200
burst_requests,5,20261510,62,0,10,200
burst_requests,5,20261510,63,0,10,200
burst_requests,5,20261510,64,0,10,200
burst_requests,5,20261510,65,0,10,200
burst_requests,5,20261510,66,1,10,200
burst_requests,5,20261510,67,0,10,200
burst_requests,5,20261510,68,2,10,200
burst_requests,5,20261510,69,2,10,200
burst_requests,5,20261510,70,0,10,200
burst_requests,5,20261510,71,0,10,200
burst_requests,5,20261510,72,0,10,200
burst_requests,5,20261510,73,0,10,200
burst_requests,5,20261510,74,0,10,200
burst_requests,5,20261510,75,2,10,200
burst_requests,5,20261510,76,2,10,200
burst_requests,5,20261510,77,2,10,200
burst_requests,5,20261510,78,2,10,200
burst_requests,5,20261510,79,1,10,200
burst_requests,5,20261510,80,1,10,400
burst_requests,5,20261510,81,1,10,400
burst_requests,5,20261510,82,1,10,400
burst_requests,5,20261510,83,1,10,400
burst_requests,5,20261510,84,1,10,400
burst_requests,5,20261510,85,2,10,400
burst_requests,5,20261510,86,0,10,400
burst_requests,5,20261510,87,0,10,400
burst_requests,5,20261510,88,2,10,400
burst_requests,5,20261510,89,0,10,400
burst_requests,5,20261510,90,0,10,400
burst_requests,5,20261510,91,1,10,400
burst_requests,5,20261510,92,0,10,400
burst_requests,5,20261510,93,1,10,400
burst_requests,5,20261510,94,2,10,400
burst_requests,5,20261510,95,0,10,400
burst_requests,5,20261510,96,0,10,400
burst_requests,5,20261510,97,1,10,400
burst_requests,5,20261510,98,2,10,400
burst_requests,5,20261510,99,1,10,400
burst_requests,5,20261510,100,2,10,400
burst_requests,5,20261510,101,0,10,400
burst_requests,5,20261510,102,1,10,400
burst_requests,5,20261510,103,1,10,400
burst_requests,5,20261510,104,1,10,400
burst_requests,5,20261510,105,2,10,400
burst_requests,5,20261510,106,0,10,400
burst_requests,5,20261510,107,2,10,400
burst_requests,5,20261510,108,2,10,400
burst_requests,5,20261510,109,2,10,400
burst_requests,5,20261510,110,1,10,400
burst_requests,5,20261510,111,2,10,400
burst_requests,5,20261510,112,1,10,400
burst_requests,5,20261510,113,1,10,400
burst_requests,5,20261510,114,0,10,400
burst_requests,5,20261510,115,2,10,400
burst_requests,5,20261510,116,1,10,400
burst_requests,5,20261510,117,1,10,400
burst_requests,5,20261510,118,0,10,400
burst_requests,5,20261510,119,1,10,400
multi_ward,5,20261511,0,0,10,0
multi_ward,5,20261511,1,2,10,0
multi_ward,5,20261511,2,2,10,0
multi_ward,5,20261511,3,0,10,0
multi_ward,5,20261511,4,2,10,0
multi_ward,5,20261511,5,0,10,0
multi_ward,5,20261511,6,4,10,0
multi_ward,5,20261511,7,5,10,0
multi_ward,5,20261511,8,0,10,0
multi_ward,5,20261511,9,2,10,0
multi_ward,5,20261511,10,4,10,0
multi_ward,5,20261511,11,5,10,0
multi_ward,5,20261511,12,1,10,0
multi_ward,5,20261511,13,5,10,0
multi_ward,5,20261511,14,0,10,0
multi_ward,5,20261511,15,0,10,0
multi_ward,5,20261511,16,0,10,0
multi_ward,5,20261511,17,1,10,0
multi_ward,5,20261511,18,1,10,0
multi_ward,5,20261511,19,1,10,0
multi_ward,5,20261511,20,5,10,0
multi_ward,5,20261511,21,1,10,0
multi_ward,5,20261511,22,5,10,0
multi_ward,5,20261511,23,3,10,0
multi_ward,5,20261511,24,5,10,0
multi_ward,5,20261511,25,1,10,0
multi_ward,5,20261511,26,0,10,0
multi_ward,5,20261511,27,3,10,0
multi_ward,5,20261511,28,4,10,0
multi_ward,5,20261511,29,2,10,0
multi_ward,5,20261511,30,2,10,0
multi_ward,5,20261511,31,0,10,0
multi_ward,5,20261511,32,1,10,0
multi_ward,5,20261511,33,3,10,0
multi_ward,5,20261511,34,4,10,0
multi_ward,5,20261511,35,2,10,0
multi_ward,5,20261511,36,5,10,0
multi_ward,5,20261511,37,2,10,0
multi_ward,5,20261511,38,0,10,0
multi_ward,5,20261511,39,4,10,0
multi_ward,5,20261511,40,1,10,0
multi_ward,5,20261511,41,5,10,0
multi_ward,5,20261511,42,3,10,0
multi_ward,5,20261511,43,0,10,0
multi_ward,5,20261511,44,1,10,0
multi_ward,5,20261511,45,0,10,0
multi_ward,5,20261511,46,5,10,0
multi_ward,5,20261511,47,3,10,0
multi_ward,5,20261511,48,4,10,0
multi_ward,5,20261511,49,4,10,0
multi_ward,5,20261511,50,5,10,0
multi_ward,5,20261511,51,4,10,0
multi_ward,5,20261511,52,1,10,0
multi_ward,5,20261511,53,5,10,0
multi_ward,5,20261511,54,4,10,0
multi_ward,5,20261511,55,3,10,0
multi_ward,5,20261511,56,1,10,0
multi_ward,5,20261511,57,1,10,0
multi_ward,5,20261511,58,1,10,0
multi_ward,5,20261511,59,0,10,0
multi_ward,5,20261511,60,1,10,0
multi_ward,5,20261511,61,1,10,0
multi_ward,5,20261511,62,5,10,0
multi_ward,5,20261511,63,4,10,0
multi_ward,5,20261511,64,1,10,0
multi_ward,5,20261511,65,2,10,0
multi_ward,5,20261511,66,3,10,0
multi_ward,5,20261511,67,0,10,0
multi_ward,5,20261511,68,0,10,0
multi_ward,5,20261511,69,3,10,0
multi_ward,5,20261511,70,4,10,0
multi_ward,5,20261511,71,2,10,0
multi_ward,5,20261511,72,2,10,0
multi_ward,5,20261511,73,0,10,0
multi_ward,5,20261511,74,4,10,0
multi_ward,5,20261511,75,3,10,0
multi_ward,5,20261511,76,4,10,0
multi_ward,5,20261511,77,1,10,0
multi_ward,5,20261511,78,5,10,0
multi_ward,5,20261511,79,2,10,0
multi_ward,5,20261511,80,4,10,0
multi_ward,5,20261511,81,1,10,0
multi_ward,5,20261511,82,4,10,0
multi_ward,5,20261511,83,0,10,0
multi_ward,5,20261511,84,2,10,0
multi_ward,5,20261511,85,1,10,0
multi_ward,5,20261511,86,5,10,0
multi_ward,5,20261511,87,3,10,0
multi_ward,5,20261511,88,3,10,0
multi_ward,5,20261511,89,2,10,0
multi_ward,5,20261511,90,3,10,0
multi_ward,5,20261511,91,5,10,0
multi_ward,5,20261511,92,5,10,0
multi_ward,5,20261511,93,5,10,0
multi_ward,5,20261511,94,2,10,0
multi_ward,5,20261511,95,3,10,0
multi_ward,5,20261511,96,4,10,0
multi_ward,5,20261511,97,0,10,0
multi_ward,5,20261511,98,2,10,0
multi_ward,5,20261511,99,4,10,0
multi_ward,5,20261511,100,0,10,0
multi_ward,5,20261511,101,2,10,0
multi_ward,5,20261511,102,3,10,0
multi_ward,5,20261511,103,5,10,0
multi_ward,5,20261511,104,5,10,0
multi_ward,5,20261511,105,5,10,0
multi_ward,5,20261511,106,4,10,0
multi_ward,5,20261511,107,4,10,0
multi_ward,5,20261511,108,4,10,0
multi_ward,5,20261511,109,3,10,0
multi_ward,5,20261511,110,1,10,0
multi_ward,5,20261511,111,3,10,0
multi_ward,5,20261511,112,2,10,0
multi_ward,5,20261511,113,3,10,0
multi_ward,5,20261511,114,2,10,0
multi_ward,5,20261511,115,3,10,0
multi_ward,5,20261511,116,3,10,0
multi_ward,5,20261511,117,0,10,0
multi_ward,5,20261511,118,3,10,0
multi_ward,5,20261511,119,2,10,0
ward_delivery,6,20261606,0,0,10,0
ward_delivery,6,20261606,1,0,10,0
ward_delivery,6,20261606,2,0,10,0
ward_delivery,6,20261606,3,1,10,0
ward_delivery,6,20261606,4,2,10,0
ward_delivery,6,20261606,5,2,10,0
ward_delivery,6,20261606,6,2,10,0
ward_delivery,6,20261606,7,1,10,0
ward_delivery,6,20261606,8,0,10,0
ward_delivery,6,20261606,9,0,10,0
ward_delivery,6,20261606,10,0,10,0
ward_delivery,6,20261606,11,2,10,0
ward_delivery,6,20261606,12,2,10,0
ward_delivery,6,20261606,13,1,10,0
ward_delivery,6,20261606,14,0,10,0
ward_delivery,6,20261606,15,0,10,0
ward_delivery,6,20261606,16,1,10,0
ward_delivery,6,20261606,17,2,10,0
ward_delivery,6,20261606,18,1,10,0
ward_delivery,6,20261606,19,2,10,0
ward_delivery,6,20261606,20,1,10,0
ward_delivery,6,20261606,21,2,10,0
ward_delivery,6,20261606,22,1,10,0
ward_delivery,6,20261606,23,2,10,0
ward_delivery,6,20261606,24,1,10,0
ward_delivery,6,20261606,25,2,10,0
ward_delivery,6,20261606,26,1,10,0
ward_delivery,6,20261606,27,2,10,0
ward_delivery,6,20261606,28,2,10,0
ward_delivery,6,20261606,29,0,10,0
ward_delivery,6,20261606,30,1,10,0
ward_delivery,6,20261606,31,2,10,0
ward_delivery,6,20261606,32,0,10,0
ward_delivery,6,20261606,33,1,10,0
ward_delivery,6,20261606,34,1,10,0
ward_delivery,6,20261606,35,0,10,0
ward_delivery,6,20261606,36,2,10,0
ward_delivery,6,20261606,37,1,10,0
ward_delivery,6,20261606,38,0,10,0
ward_delivery,6,20261606,39,2,10,0
ward_delivery,6,20261606,40,0,10,0
ward_delivery,6,20261606,41,0,10,0
ward_delivery,6,20261606,42,0,10,0
ward_delivery,6,20261606,43,0,10,0
ward_delivery,6,20261606,44,1,10,0
ward_delivery,6,20261606,45,2,10,0
ward_delivery,6,20261606,46,1,10,0
ward_delivery,6,20261606,47,0,10,0
ward_delivery,6,20261606,48,2,10,0
ward_delivery,6,20261606,49,0,10,0
ward_delivery,6,20261606,50,1,10,0
ward_delivery,6,20261606,51,1,10,0
ward_delivery,6,20261606,52,1,10,0
ward_delivery,6,20261606,53,2,10,0
ward_delivery,6,20261606,54,1,10,0
ward_delivery,6,20261606,55,0,10,0
ward_delivery,6,20261606,56,2,10,0
ward_delivery,6,20261606,57,0,10,0
ward_delivery,6,20261606,58,1,10,0
ward_delivery,6,20261606,59,1,10,0
ward_delivery,6,20261606,60,0,10,0
ward_delivery,6,20261606,61,0,10,0
ward_delivery,6,20261606,62,2,10,0
ward_delivery,6,20261606,63,2,10,0
ward_delivery,6,20261606,64,0,10,0
ward_delivery,6,20261606,65,1,10,0
ward_delivery,6,20261606,66,2,10,0
ward_delivery,6,20261606,67,0,10,0
ward_delivery,6,20261606,68,0,10,0
ward_delivery,6,20261606,69,2,10,0
ward_delivery,6,20261606,70,2,10,0
ward_delivery,6,20261606,71,2,10,0
ward_delivery,6,20261606,72,1,10,0
ward_delivery,6,20261606,73,0,10,0
ward_delivery,6,20261606,74,0,10,0
ward_delivery,6,20261606,75,1,10,0
ward_delivery,6,20261606,76,1,10,0
ward_delivery,6,20261606,77,2,10,0
ward_delivery,6,20261606,78,1,10,0
ward_delivery,6,20261606,79,2,10,0
ward_delivery,6,20261606,80,0,10,0
ward_delivery,6,20261606,81,1,10,0
ward_delivery,6,20261606,82,0,10,0
ward_delivery,6,20261606,83,0,10,0
ward_delivery,6,20261606,84,2,10,0
ward_delivery,6,20261606,85,0,10,0
ward_delivery,6,20261606,86,0,10,0
ward_delivery,6,20261606,87,2,10,0
ward_delivery,6,20261606,88,2,10,0
ward_delivery,6,20261606,89,2,10,0
ward_delivery,6,20261606,90,0,10,0
ward_delivery,6,20261606,91,2,10,0
ward_delivery,6,20261606,92,2,10,0
ward_delivery,6,20261606,93,2,10,0
ward_delivery,6,20261606,94,1,10,0
ward_delivery,6,20261606,95,1,10,0
ward_delivery,6,20261606,96,2,10,0
ward_delivery,6,20261606,97,0,10,0
ward_delivery,6,20261606,98,2,10,0
ward_delivery,6,20261606,99,1,10,0
ward_delivery,6,20261606,100,1,10,0
ward_delivery,6,20261606,101,1,10,0
ward_delivery,6,20261606,102,0,10,0
ward_delivery,6,20261606,103,2,10,0
ward_delivery,6,20261606,104,1,10,0
ward_delivery,6,20261606,105,0,10,0
ward_delivery,6,20261606,106,0,10,0
ward_delivery,6,20261606,107,1,10,0
ward_delivery,6,20261606,108,1,10,0
ward_delivery,6,20261606,109,0,10,0
ward_delivery,6,20261606,110,1,10,0
ward_delivery,6,20261606,111,2,10,0
ward_delivery,6,20261606,112,2,10,0
ward_delivery,6,20261606,113,0,10,0
ward_delivery,6,20261606,114,1,10,0
ward_delivery,6,20261606,115,0,10,0
ward_delivery,6,20261606,116,1,10,0
ward_delivery,6,20261606,117,1,10,0
ward_delivery,6,20261606,118,1,10,0
ward_delivery,6,20261606,119,2,10,0
pharmacy_hotspot,6,20261607,0,0,10,0
pharmacy_hotspot,6,20261607,1,1,10,0
pharmacy_hotspot,6,20261607,2,0,10,0
pharmacy_hotspot,6,20261607,3,0,10,0
pharmacy_hotspot,6,20261607,4,0,10,0
pharmacy_hotspot,6,20261607,5,0,10,0
pharmacy_hotspot,6,20261607,6,0,10,0
pharmacy_hotspot,6,20261607,7,0,10,0
pharmacy_hotspot,6,20261607,8,1,10,0
pharmacy_hotspot,6,20261607,9,0,10,0
pharmacy_hotspot,6,20261607,10,0,10,0
pharmacy_hotspot,6,20261607,11,0,10,0
pharmacy_hotspot,6,20261607,12,0,10,0
pharmacy_hotspot,6,20261607,13,0,10,0
pharmacy_hotspot,6,20261607,14,0,10,0
pharmacy_hotspot,6,20261607,15,0,10,0
pharmacy_hotspot,6,20261607,16,0,10,0
pharmacy_hotspot,6,20261607,17,0,10,0
pharmacy_hotspot,6,20261607,18,0,10,0
pharmacy_hotspot,6,20261607,19,0,10,0
pharmacy_hotspot,6,20261607,20,0,10,0
pharmacy_hotspot,6,20261607,21,0,10,0
pharmacy_hotspot,6,20261607,22,0,10,0
pharmacy_hotspot,6,20261607,23,0,10,0
pharmacy_hotspot,6,20261607,24,2,10,0
pharmacy_hotspot,6,20261607,25,0,10,0
pharmacy_hotspot,6,20261607,26,0,10,0
pharmacy_hotspot,6,20261607,27,0,10,0
pharmacy_hotspot,6,20261607,28,0,10,0
pharmacy_hotspot,6,20261607,29,0,10,0
pharmacy_hotspot,6,20261607,30,0,10,0
pharmacy_hotspot,6,20261607,31,1,10,0
pharmacy_hotspot,6,20261607,32,0,10,0
pharmacy_hotspot,6,20261607,33,1,10,0
pharmacy_hotspot,6,20261607,34,0,10,0
pharmacy_hotspot,6,20261607,35,0,10,0
pharmacy_hotspot,6,20261607,36,0,10,0
pharmacy_hotspot,6,20261607,37,2,10,0
pharmacy_hotspot,6,20261607,38,0,10,0
pharmacy_hotspot,6,20261607,39,0,10,0
pharmacy_hotspot,6,20261607,40,0,10,0
pharmacy_hotspot,6,20261607,41,0,10,0
pharmacy_hotspot,6,20261607,42,0,10,0
pharmacy_hotspot,6,20261607,43,0,10,0
pharmacy_hotspot,6,20261607,44,0,10,0
pharmacy_hotspot,6,20261607,45,0,10,0
pharmacy_hotspot,6,20261607,46,0,10,0
pharmacy_hotspot,6,20261607,47,0,10,0
pharmacy_hotspot,6,20261607,48,0,10,0
pharmacy_hotspot,6,20261607,49,0,10,0
pharmacy_hotspot,6,20261607,50,0,10,0
pharmacy_hotspot,6,20261607,51,2,10,0
pharmacy_hotspot,6,20261607,52,0,10,0
pharmacy_hotspot,6,20261607,53,0,10,0
pharmacy_hotspot,6,20261607,54,0,10,0
pharmacy_hotspot,6,20261607,55,0,10,0
pharmacy_hotspot,6,20261607,56,2,10,0
pharmacy_hotspot,6,20261607,57,2,10,0
pharmacy_hotspot,6,20261607,58,0,10,0
pharmacy_hotspot,6,20261607,59,0,10,0
pharmacy_hotspot,6,20261607,60,1,10,0
pharmacy_hotspot,6,20261607,61,0,10,0
pharmacy_hotspot,6,20261607,62,0,10,0
pharmacy_hotspot,6,20261607,63,0,10,0
pharmacy_hotspot,6,20261607,64,0,10,0
pharmacy_hotspot,6,20261607,65,0,10,0
pharmacy_hotspot,6,20261607,66,1,10,0
pharmacy_hotspot,6,20261607,67,0,10,0
pharmacy_hotspot,6,20261607,68,1,10,0
pharmacy_hotspot,6,20261607,69,0,10,0
pharmacy_hotspot,6,20261607,70,2,10,0
pharmacy_hotspot,6,20261607,71,0,10,0
pharmacy_hotspot,6,20261607,72,0,10,0
pharmacy_hotspot,6,20261607,73,2,10,0
pharmacy_hotspot,6,20261607,74,0,10,0
pharmacy_hotspot,6,20261607,75,2,10,0
pharmacy_hotspot,6,20261607,76,0,10,0
pharmacy_hotspot,6,20261607,77,1,10,0
pharmacy_hotspot,6,20261607,78,0,10,0
pharmacy_hotspot,6,20261607,79,0,10,0
pharmacy_hotspot,6,20261607,80,0,10,0
pharmacy_hotspot,6,20261607,81,0,10,0
pharmacy_hotspot,6,20261607,82,0,10,0
pharmacy_hotspot,6,20261607,83,0,10,0
pharmacy_hotspot,6,20261607,84,0,10,0
pharmacy_hotspot,6,20261607,85,0,10,0
pharmacy_hotspot,6,20261607,86,0,10,0
pharmacy_hotspot,6,20261607,87,0,10,0
pharmacy_hotspot,6,20261607,88,1,10,0
pharmacy_hotspot,6,20261607,89,0,10,0
pharmacy_hotspot,6,20261607,90,0,10,0
pharmacy_hotspot,6,20261607,91,0,10,0
pharmacy_hotspot,6,20261607,92,0,10,0
pharmacy_hotspot,6,20261607,93,0,10,0
pharmacy_hotspot,6,20261607,94,0,10,0
pharmacy_hotspot,6,20261607,95,0,10,0
pharmacy_hotspot,6,20261607,96,1,10,0
pharmacy_hotspot,6,20261607,97,0,10,0
pharmacy_hotspot,6,20261607,98,1,10,0
pharmacy_hotspot,6,20261607,99,2,10,0
pharmacy_hotspot,6,20261607,100,0,10,0
pharmacy_hotspot,6,20261607,101,2,10,0
pharmacy_hotspot,6,20261607,102,1,10,0
pharmacy_hotspot,6,20261607,103,0,10,0
pharmacy_hotspot,6,20261607,104,0,10,0
pharmacy_hotspot,6,20261607,105,2,10,0
pharmacy_hotspot,6,20261607,106,0,10,0
pharmacy_hotspot,6,20261607,107,0,10,0
pharmacy_hotspot,6,20261607,108,0,10,0
pharmacy_hotspot,6,20261607,109,0,10,0
pharmacy_hotspot,6,20261607,110,0,10,0
pharmacy_hotspot,6,20261607,111,0,10,0
pharmacy_hotspot,6,20261607,112,0,10,0
pharmacy_hotspot,6,20261607,113,0,10,0
pharmacy_hotspot,6,20261607,114,0,10,0
pharmacy_hotspot,6,20261607,115,0,10,0
pharmacy_hotspot,6,20261607,116,0,10,0
pharmacy_hotspot,6,20261607,117,0,10,0
pharmacy_hotspot,6,20261607,118,2,10,0
pharmacy_hotspot,6,20261607,119,0,10,0
mixed_services,6,20261608,0,1,5,0
mixed_services,6,20261608,1,0,10,0
mixed_services,6,20261608,2,0,40,0
mixed_services,6,20261608,3,1,10,0
mixed_services,6,20261608,4,2,40,0
mixed_services,6,20261608,5,2,5,0
mixed_services,6,20261608,6,2,5,0
mixed_services,6,20261608,7,0,10,0
mixed_services,6,20261608,8,2,10,0
mixed_services,6,20261608,9,1,10,0
mixed_services,6,20261608,10,0,10,0
mixed_services,6,20261608,11,0,10,0
mixed_services,6,20261608,12,1,40,0
mixed_services,6,20261608,13,0,5,0
mixed_services,6,20261608,14,2,40,0
mixed_services,6,20261608,15,2,5,0
mixed_services,6,20261608,16,0,40,0
mixed_services,6,20261608,17,1,10,0
mixed_services,6,20261608,18,2,40,0
mixed_services,6,20261608,19,1,5,0
mixed_services,6,20261608,20,0,40,0
mixed_services,6,20261608,21,0,5,0
mixed_services,6,20261608,22,1,10,0
mixed_services,6,20261608,23,2,10,0
mixed_services,6,20261608,24,1,5,0
mixed_services,6,20261608,25,1,40,0
mixed_services,6,20261608,26,2,40,0
mixed_services,6,20261608,27,0,40,0
mixed_services,6,20261608,28,1,40,0
mixed_services,6,20261608,29,0,5,0
mixed_services,6,20261608,30,0,5,0
mixed_services,6,20261608,31,2,5,0
mixed_services,6,20261608,32,0,10,0
mixed_services,6,20261608,33,1,40,0
mixed_services,6,20261608,34,2,5,0
mixed_services,6,20261608,35,2,40,0
mixed_services,6,20261608,36,1,10,0
mixed_services,6,20261608,37,1,5,0
mixed_services,6,20261608,38,0,40,0
mixed_services,6,20261608,39,0,10,0
mixed_services,6,20261608,40,0,40,0
mixed_services,6,20261608,41,0,10,0
mixed_services,6,20261608,42,2,40,0
mixed_services,6,20261608,43,0,5,0
mixed_services,6,20261608,44,1,40,0
mixed_services,6,20261608,45,2,40,0
mixed_services,6,20261608,46,1,40,0
mixed_services,6,20261608,47,2,5,0
mixed_services,6,20261608,48,0,40,0
mixed_services,6,20261608,49,0,5,0
mixed_services,6,20261608,50,1,40,0
mixed_services,6,20261608,51,2,40,0
mixed_services,6,20261608,52,0,10,0
mixed_services,6,20261608,53,1,10,0
mixed_services,6,20261608,54,2,5,0
mixed_services,6,20261608,55,0,40,0
mixed_services,6,20261608,56,2,40,0
mixed_services,6,20261608,57,0,5,0
mixed_services,6,20261608,58,2,10,0
mixed_services,6,20261608,59,0,40,0
mixed_services,6,20261608,60,2,10,0
mixed_services,6,20261608,61,0,5,0
mixed_services,6,20261608,62,1,40,0
mixed_services,6,20261608,63,2,10,0
mixed_services,6,20261608,64,1,5,0
mixed_services,6,20261608,65,2,10,0
mixed_services,6,20261608,66,1,5,0
mixed_services,6,20261608,67,1,10,0
mixed_services,6,20261608,68,1,40,0
mixed_services,6,20261608,69,0,40,0
mixed_services,6,20261608,70,0,5,0
mixed_services,6,20261608,71,2,10,0
mixed_services,6,20261608,72,2,5,0
mixed_services,6,20261608,73,1,5,0
mixed_services,6,20261608,74,0,10,0
mixed_services,6,20261608,75,1,10,0
mixed_services,6,20261608,76,2,5,0
mixed_services,6,20261608,77,0,5,0
mixed_services,6,20261608,78,1,5,0
mixed_services,6,20261608,79,0,40,0
mixed_services,6,20261608,80,2,10,0
mixed_services,6,20261608,81,1,5,0
mixed_services,6,20261608,82,2,40,0
mixed_services,6,20261608,83,1,40,0
mixed_services,6,20261608,84,2,40,0
mixed_services,6,20261608,85,0,5,0
mixed_services,6,20261608,86,0,5,0
mixed_services,6,20261608,87,1,5,0
mixed_services,6,20261608,88,0,5,0
mixed_services,6,20261608,89,2,5,0
mixed_services,6,20261608,90,0,10,0
mixed_services,6,20261608,91,2,10,0
mixed_services,6,20261608,92,1,40,0
mixed_services,6,20261608,93,2,5,0
mixed_services,6,20261608,94,2,40,0
mixed_services,6,20261608,95,1,5,0
mixed_services,6,20261608,96,1,5,0
mixed_services,6,20261608,97,2,5,0
mixed_services,6,20261608,98,2,10,0
mixed_services,6,20261608,99,0,40,0
mixed_services,6,20261608,100,0,10,0
mixed_services,6,20261608,101,0,10,0
mixed_services,6,20261608,102,1,5,0
mixed_services,6,20261608,103,1,40,0
mixed_services,6,20261608,104,0,10,0
mixed_services,6,20261608,105,1,10,0
mixed_services,6,20261608,106,1,10,0
mixed_services,6,20261608,107,1,10,0
mixed_services,6,20261608,108,2,10,0
mixed_services,6,20261608,109,1,40,0
mixed_services,6,20261608,110,2,5,0
mixed_services,6,20261608,111,1,10,0
mixed_services,6,20261608,112,0,40,0
mixed_services,6,20261608,113,1,10,0
mixed_services,6,20261608,114,2,40,0
mixed_services,6,20261608,115,0,5,0
mixed_services,6,20261608,116,2,10,0
mixed_services,6,20261608,117,2,10,0
mixed_services,6,20261608,118,2,5,0
mixed_services,6,20261608,119,1,5,0
clustered_rounds,6,20261609,0,0,10,0
clustered_rounds,6,20261609,1,0,10,0
clustered_rounds,6,20261609,2,0,10,0
clustered_rounds,6,20261609,3,0,10,0
clustered_rounds,6,20261609,4,0,10,0
clustered_rounds,6,20261609,5,0,10,0
clustered_rounds,6,20261609,6,0,10,0
clustered_rounds,6,20261609,7,0,10,0
clustered_rounds,6,20261609,8,0,10,0
clustered_rounds,6,20261609,9,0,10,0
clustered_rounds,6,20261609,10,0,10,0
clustered_rounds,6,20261609,11,0,10,0
clustered_rounds,6,20261609,12,0,10,0
clustered_rounds,6,20261609,13,0,10,0
clustered_rounds,6,20261609,14,0,10,0
clustered_rounds,6,20261609,15,0,10,0
clustered_rounds,6,20261609,16,0,10,0
clustered_rounds,6,20261609,17,0,10,0
clustered_rounds,6,20261609,18,0,10,0
clustered_rounds,6,20261609,19,0,10,0
clustered_rounds,6,20261609,20,0,10,0
clustered_rounds,6,20261609,21,0,10,0
clustered_rounds,6,20261609,22,0,10,0
clustered_rounds,6,20261609,23,0,10,0
clustered_rounds,6,20261609,24,0,10,0
clustered_rounds,6,20261609,25,0,10,0
clustered_rounds,6,20261609,26,0,10,0
clustered_rounds,6,20261609,27,0,10,0
clustered_rounds,6,20261609,28,0,10,0
clustered_rounds,6,20261609,29,0,10,0
clustered_rounds,6,20261609,30,0,10,0
clustered_rounds,6,20261609,31,0,10,0
clustered_rounds,6,20261609,32,0,10,0
clustered_rounds,6,20261609,33,0,10,0
clustered_rounds,6,20261609,34,0,10,0
clustered_rounds,6,20261609,35,0,10,0
clustered_rounds,6,20261609,36,0,10,0
clustered_rounds,6,20261609,37,0,10,0
clustered_rounds,6,20261609,38,0,10,0
clustered_rounds,6,20261609,39,0,10,0
clustered_rounds,6,20261609,40,1,10,0
clustered_rounds,6,20261609,41,1,10,0
clustered_rounds,6,20261609,42,1,10,0
clustered_rounds,6,20261609,43,1,10,0
clustered_rounds,6,20261609,44,1,10,0
clustered_rounds,6,20261609,45,1,10,0
clustered_rounds,6,20261609,46,1,10,0
clustered_rounds,6,20261609,47,1,10,0
clustered_rounds,6,20261609,48,1,10,0
clustered_rounds,6,20261609,49,1,10,0
clustered_rounds,6,20261609,50,1,10,0
clustered_rounds,6,20261609,51,1,10,0
clustered_rounds,6,20261609,52,1,10,0
clustered_rounds,6,20261609,53,1,10,0
clustered_rounds,6,20261609,54,1,10,0
clustered_rounds,6,20261609,55,1,10,0
clustered_rounds,6,20261609,56,1,10,0
clustered_rounds,6,20261609,57,1,10,0
clustered_rounds,6,20261609,58,1,10,0
clustered_rounds,6,20261609,59,1,10,0
clustered_rounds,6,20261609,60,1,10,0
clustered_rounds,6,20261609,61,1,10,0
clustered_rounds,6,20261609,62,1,10,0
clustered_rounds,6,20261609,63,1,10,0
clustered_rounds,6,20261609,64,1,10,0
clustered_rounds,6,20261609,65,1,10,0
clustered_rounds,6,20261609,66,1,10,0
clustered_rounds,6,20261609,67,1,10,0
clustered_rounds,6,20261609,68,1,10,0
clustered_rounds,6,20261609,69,1,10,0
clustered_rounds,6,20261609,70,1,10,0
clustered_rounds,6,20261609,71,1,10,0
clustered_rounds,6,20261609,72,1,10,0
clustered_rounds,6,20261609,73,1,10,0
clustered_rounds,6,20261609,74,1,10,0
clustered_rounds,6,20261609,75,1,10,0
clustered_rounds,6,20261609,76,1,10,0
clustered_rounds,6,20261609,77,1,10,0
clustered_rounds,6,20261609,78,1,10,0
clustered_rounds,6,20261609,79,1,10,0
clustered_rounds,6,20261609,80,2,10,0
clustered_rounds,6,20261609,81,2,10,0
clustered_rounds,6,20261609,82,2,10,0
clustered_rounds,6,20261609,83,2,10,0
clustered_rounds,6,20261609,84,2,10,0
clustered_rounds,6,20261609,85,2,10,0
clustered_rounds,6,20261609,86,2,10,0
clustered_rounds,6,20261609,87,2,10,0
clustered_rounds,6,20261609,88,2,10,0
clustered_rounds,6,20261609,89,2,10,0
clustered_rounds,6,20261609,90,2,10,0
clustered_rounds,6,20261609,91,2,10,0
clustered_rounds,6,20261609,92,2,10,0
clustered_rounds,6,20261609,93,2,10,0
clustered_rounds,6,20261609,94,2,10,0
clustered_rounds,6,20261609,95,2,10,0
clustered_rounds,6,20261609,96,2,10,0
clustered_rounds,6,20261609,97,2,10,0
clustered_rounds,6,20261609,98,2,10,0
clustered_rounds,6,20261609,99,2,10,0
clustered_rounds,6,20261609,100,2,10,0
clustered_rounds,6,20261609,101,2,10,0
clustered_rounds,6,20261609,102,2,10,0
clustered_rounds,6,20261609,103,2,10,0
clustered_rounds,6,20261609,104,2,10,0
clustered_rounds,6,20261609,105,2,10,0
clustered_rounds,6,20261609,106,2,10,0
clustered_rounds,6,20261609,107,2,10,0
clustered_rounds,6,20261609,108,2,10,0
clustered_rounds,6,20261609,109,2,10,0
clustered_rounds,6,20261609,110,2,10,0
clustered_rounds,6,20261609,111,2,10,0
clustered_rounds,6,20261609,112,2,10,0
clustered_rounds,6,20261609,113,2,10,0
clustered_rounds,6,20261609,114,2,10,0
clustered_rounds,6,20261609,115,2,10,0
clustered_rounds,6,20261609,116,2,10,0
clustered_rounds,6,20261609,117,2,10,0
clustered_rounds,6,20261609,118,2,10,0
clustered_rounds,6,20261609,119,2,10,0
burst_requests,6,20261610,0,1,10,0
burst_requests,6,20261610,1,2,10,0
burst_requests,6,20261610,2,1,10,0
burst_requests,6,20261610,3,1,10,0
burst_requests,6,20261610,4,0,10,0
burst_requests,6,20261610,5,1,10,0
burst_requests,6,20261610,6,1,10,0
burst_requests,6,20261610,7,1,10,0
burst_requests,6,20261610,8,1,10,0
burst_requests,6,20261610,9,0,10,0
burst_requests,6,20261610,10,1,10,0
burst_requests,6,20261610,11,2,10,0
burst_requests,6,20261610,12,2,10,0
burst_requests,6,20261610,13,1,10,0
burst_requests,6,20261610,14,1,10,0
burst_requests,6,20261610,15,0,10,0
burst_requests,6,20261610,16,0,10,0
burst_requests,6,20261610,17,1,10,0
burst_requests,6,20261610,18,0,10,0
burst_requests,6,20261610,19,1,10,0
burst_requests,6,20261610,20,2,10,0
burst_requests,6,20261610,21,2,10,0
burst_requests,6,20261610,22,0,10,0
burst_requests,6,20261610,23,1,10,0
burst_requests,6,20261610,24,0,10,0
burst_requests,6,20261610,25,1,10,0
burst_requests,6,20261610,26,1,10,0
burst_requests,6,20261610,27,0,10,0
burst_requests,6,20261610,28,2,10,0
burst_requests,6,20261610,29,2,10,0
burst_requests,6,20261610,30,2,10,0
burst_requests,6,20261610,31,2,10,0
burst_requests,6,20261610,32,1,10,0
burst_requests,6,20261610,33,2,10,0
burst_requests,6,20261610,34,1,10,0
burst_requests,6,20261610,35,0,10,0
burst_requests,6,20261610,36,2,10,0
burst_requests,6,20261610,37,0,10,0
burst_requests,6,20261610,38,2,10,0
burst_requests,6,20261610,39,0,10,0
burst_requests,6,20261610,40,0,10,200
burst_requests,6,20261610,41,1,10,200
burst_requests,6,20261610,42,0,10,200
burst_requests,6,20261610,43,1,10,200
burst_requests,6,20261610,44,0,10,200
burst_requests,6,20261610,45,2,10,200
burst_requests,6,20261610,46,0,10,200
burst_requests,6,20261610,47,1,10,200
burst_requests,6,20261610,48,1,10,200
burst_requests,6,20261610,49,0,10,200
burst_requests,6,20261610,50,2,10,200
burst_requests,6,20261610,51,1,10,200
burst_requests,6,20261610,52,2,10,200
burst_requests,6,20261610,53,2,10,200
burst_requests,6,20261610,54,0,10,200
burst_requests,6,20261610,55,0,10,200
burst_requests,6,20261610,56,2,10,200
burst_requests,6,20261610,57,2,10,200
burst_requests,6,20261610,58,0,10,200
burst_requests,6,20261610,59,2,10,200
burst_requests,6,20261610,60,0,10,200
burst_requests,6,20261610,61,0,10,200
burst_requests,6,20261610,62,2,10,200
burst_requests,6,20261610,63,2,10,200
burst_requests,6,20261610,64,0,10,200
burst_requests,6,20261610,65,1,10,200
burst_requests,6,20261610,66,2,10,200
burst_requests,6,20261610,67,2,10,200
burst_requests,6,20261610,68,0,10,200
burst_requests,6,20261610,69,2,10,200
burst_requests,6,20261610,70,2,10,200
burst_requests,6,20261610,71,0,10,200
burst_requests,6,20261610,72,2,10,200
burst_requests,6,20261610,73,1,10,200
burst_requests,6,20261610,74,1,10,200
burst_requests,6,20261610,75,1,10,200
burst_requests,6,20261610,76,1,10,200
burst_requests,6,20261610,77,1,10,200
burst_requests,6,20261610,78,1,10,200
burst_requests,6,20261610,79,1,10,200
burst_requests,6,20261610,80,0,10,400
burst_requests,6,20261610,81,0,10,400
burst_requests,6,20261610,82,0,10,400
burst_requests,6,20261610,83,2,10,400
burst_requests,6,20261610,84,1,10,400
burst_requests,6,20261610,85,2,10,400
burst_requests,6,20261610,86,1,10,400
burst_requests,6,20261610,87,2,10,400
burst_requests,6,20261610,88,0,10,400
burst_requests,6,20261610,89,1,10,400
burst_requests,6,20261610,90,2,10,400
burst_requests,6,20261610,91,0,10,400
burst_requests,6,20261610,92,2,10,400
burst_requests,6,20261610,93,1,10,400
burst_requests,6,20261610,94,2,10,400
burst_requests,6,20261610,95,2,10,400
burst_requests,6,20261610,96,2,10,400
burst_requests,6,20261610,97,2,10,400
burst_requests,6,20261610,98,1,10,400
burst_requests,6,20261610,99,0,10,400
burst_requests,6,20261610,100,1,10,400
burst_requests,6,20261610,101,0,10,400
burst_requests,6,20261610,102,1,10,400
burst_requests,6,20261610,103,0,10,400
burst_requests,6,20261610,104,0,10,400
burst_requests,6,20261610,105,0,10,400
burst_requests,6,20261610,106,2,10,400
burst_requests,6,20261610,107,0,10,400
burst_requests,6,20261610,108,2,10,400
burst_requests,6,20261610,109,2,10,400
burst_requests,6,20261610,110,0,10,400
burst_requests,6,20261610,111,0,10,400
burst_requests,6,20261610,112,0,10,400
burst_requests,6,20261610,113,1,10,400
burst_requests,6,20261610,114,1,10,400
burst_requests,6,20261610,115,0,10,400
burst_requests,6,20261610,116,2,10,400
burst_requests,6,20261610,117,1,10,400
burst_requests,6,20261610,118,2,10,400
burst_requests,6,20261610,119,0,10,400
multi_ward,6,20261611,0,4,10,0
multi_ward,6,20261611,1,1,10,0
multi_ward,6,20261611,2,0,10,0
multi_ward,6,20261611,3,2,10,0
multi_ward,6,20261611,4,3,10,0
multi_ward,6,20261611,5,2,10,0
multi_ward,6,20261611,6,2,10,0
multi_ward,6,20261611,7,0,10,0
multi_ward,6,20261611,8,2,10,0
multi_ward,6,20261611,9,0,10,0
multi_ward,6,20261611,10,1,10,0
multi_ward,6,20261611,11,4,10,0
multi_ward,6,20261611,12,4,10,0
multi_ward,6,20261611,13,0,10,0
multi_ward,6,20261611,14,3,10,0
multi_ward,6,20261611,15,1,10,0
multi_ward,6,20261611,16,0,10,0
multi_ward,6,20261611,17,4,10,0
multi_ward,6,20261611,18,0,10,0
multi_ward,6,20261611,19,0,10,0
multi_ward,6,20261611,20,3,10,0
multi_ward,6,20261611,21,4,10,0
multi_ward,6,20261611,22,5,10,0
multi_ward,6,20261611,23,1,10,0
multi_ward,6,20261611,24,1,10,0
multi_ward,6,20261611,25,4,10,0
multi_ward,6,20261611,26,0,10,0
multi_ward,6,20261611,27,3,10,0
multi_ward,6,20261611,28,5,10,0
multi_ward,6,20261611,29,2,10,0
multi_ward,6,20261611,30,2,10,0
multi_ward,6,20261611,31,0,10,0
multi_ward,6,20261611,32,0,10,0
multi_ward,6,20261611,33,5,10,0
multi_ward,6,20261611,34,0,10,0
multi_ward,6,20261611,35,1,10,0
multi_ward,6,20261611,36,2,10,0
multi_ward,6,20261611,37,3,10,0
multi_ward,6,20261611,38,2,10,0
multi_ward,6,20261611,39,4,10,0
multi_ward,6,20261611,40,1,10,0
multi_ward,6,20261611,41,0,10,0
multi_ward,6,20261611,42,3,10,0
multi_ward,6,20261611,43,1,10,0
multi_ward,6,20261611,44,1,10,0
multi_ward,6,20261611,45,3,10,0
multi_ward,6,20261611,46,3,10,0
multi_ward,6,20261611,47,1,10,0
multi_ward,6,20261611,48,2,10,0
multi_ward,6,20261611,49,5,10,0
multi_ward,6,20261611,50,0,10,0
multi_ward,6,20261611,51,4,10,0
multi_ward,6,20261611,52,5,10,0
multi_ward,6,20261611,53,5,10,0
multi_ward,6,20261611,54,4,10,0
multi_ward,6,20261611,55,4,10,0
multi_ward,6,20261611,56,1,10,0
multi_ward,6,20261611,57,3,10,0
multi_ward,6,20261611,58,3,10,0
multi_ward,6,20261611,59,4,10,0
multi_ward,6,20261611,60,5,10,0
multi_ward,6,20261611,61,0,10,0
multi_ward,6,20261611,62,4,10,0
multi_ward,6,20261611,63,5,10,0
multi_ward,6,20261611,64,1,10,0
multi_ward,6,20261611,65,4,10,0
multi_ward,6,20261611,66,1,10,0
multi_ward,6,20261611,67,2,10,0
multi_ward,6,20261611,68,5,10,0
multi_ward,6,20261611,69,4,10,0
multi_ward,6,20261611,70,1,10,0
multi_ward,6,20261611,71,0,10,0
multi_ward,6,20261611,72,3,10,0
multi_ward,6,20261611,73,3,10,0
multi_ward,6,20261611,74,1,10,0
multi_ward,6,20261611,75,2,10,0
multi_ward,6,20261611,76,2,10,0
multi_ward,6,20261611,77,5,10,0
multi_ward,6,20261611,78,1,10,0
multi_ward,6,20261611,79,2,10,0
multi_ward,6,20261611,80,1,10,0
multi_ward,6,20261611,81,3,10,0
multi_ward,6,20261611,82,1,10,0
multi_ward,6,20261611,83,4,10,0
multi_ward,6,20261611,84,5,10,0
multi_ward,6,20261611,85,0,10,0
multi_ward,6,20261611,86,3,10,0
multi_ward,6,20261611,87,5,10,0
multi_ward,6,20261611,88,3,10,0
multi_ward,6,20261611,89,3,10,0
multi_ward,6,20261611,90,4,10,0
multi_ward,6,20261611,91,2,10,0
multi_ward,6,20261611,92,5,10,0
multi_ward,6,20261611,93,2,10,0
multi_ward,6,20261611,94,0,10,0
multi_ward,6,20261611,95,5,10,0
multi_ward,6,20261611,96,4,10,0
multi_ward,6,20261611,97,5,10,0
multi_ward,6,20261611,98,2,10,0
multi_ward,6,20261611,99,5,10,0
multi_ward,6,20261611,100,4,10,0
multi_ward,6,20261611,101,2,10,0
multi_ward,6,20261611,102,5,10,0
multi_ward,6,20261611,103,3,10,0
multi_ward,6,20261611,104,2,10,0
multi_ward,6,20261611,105,3,10,0
multi_ward,6,20261611,106,1,10,0
multi_ward,6,20261611,107,0,10,0
multi_ward,6,20261611,108,3,10,0
multi_ward,6,20261611,109,4,10,0
multi_ward,6,20261611,110,5,10,0
multi_ward,6,20261611,111,4,10,0
multi_ward,6,20261611,112,5,10,0
multi_ward,6,20261611,113,1,10,0
multi_ward,6,20261611,114,2,10,0
multi_ward,6,20261611,115,5,10,0
multi_ward,6,20261611,116,0,10,0
multi_ward,6,20261611,117,2,10,0
multi_ward,6,20261611,118,0,10,0
multi_ward,6,20261611,119,3,10,0
ward_delivery,7,20261706,0,2,10,0
ward_delivery,7,20261706,1,0,10,0
ward_delivery,7,20261706,2,2,10,0
ward_delivery,7,20261706,3,1,10,0
ward_delivery,7,20261706,4,2,10,0
ward_delivery,7,20261706,5,2,10,0
ward_delivery,7,20261706,6,2,10,0
ward_delivery,7,20261706,7,0,10,0
ward_delivery,7,20261706,8,0,10,0
ward_delivery,7,20261706,9,0,10,0
ward_delivery,7,20261706,10,1,10,0
ward_delivery,7,20261706,11,0,10,0
ward_delivery,7,20261706,12,1,10,0
ward_delivery,7,20261706,13,0,10,0
ward_delivery,7,20261706,14,2,10,0
ward_delivery,7,20261706,15,0,10,0
ward_delivery,7,20261706,16,1,10,0
ward_delivery,7,20261706,17,2,10,0
ward_delivery,7,20261706,18,0,10,0
ward_delivery,7,20261706,19,1,10,0
ward_delivery,7,20261706,20,2,10,0
ward_delivery,7,20261706,21,0,10,0
ward_delivery,7,20261706,22,2,10,0
ward_delivery,7,20261706,23,0,10,0
ward_delivery,7,20261706,24,0,10,0
ward_delivery,7,20261706,25,1,10,0
ward_delivery,7,20261706,26,2,10,0
ward_delivery,7,20261706,27,1,10,0
ward_delivery,7,20261706,28,1,10,0
ward_delivery,7,20261706,29,2,10,0
ward_delivery,7,20261706,30,1,10,0
ward_delivery,7,20261706,31,1,10,0
ward_delivery,7,20261706,32,0,10,0
ward_delivery,7,20261706,33,0,10,0
ward_delivery,7,20261706,34,2,10,0
ward_delivery,7,20261706,35,1,10,0
ward_delivery,7,20261706,36,1,10,0
ward_delivery,7,20261706,37,2,10,0
ward_delivery,7,20261706,38,2,10,0
ward_delivery,7,20261706,39,2,10,0
ward_delivery,7,20261706,40,0,10,0
ward_delivery,7,20261706,41,1,10,0
ward_delivery,7,20261706,42,2,10,0
ward_delivery,7,20261706,43,2,10,0
ward_delivery,7,20261706,44,1,10,0
ward_delivery,7,20261706,45,1,10,0
ward_delivery,7,20261706,46,0,10,0
ward_delivery,7,20261706,47,1,10,0
ward_delivery,7,20261706,48,1,10,0
ward_delivery,7,20261706,49,2,10,0
ward_delivery,7,20261706,50,0,10,0
ward_delivery,7,20261706,51,1,10,0
ward_delivery,7,20261706,52,0,10,0
ward_delivery,7,20261706,53,0,10,0
ward_delivery,7,20261706,54,1,10,0
ward_delivery,7,20261706,55,2,10,0
ward_delivery,7,20261706,56,0,10,0
ward_delivery,7,20261706,57,0,10,0
ward_delivery,7,20261706,58,0,10,0
ward_delivery,7,20261706,59,2,10,0
ward_delivery,7,20261706,60,1,10,0
ward_delivery,7,20261706,61,2,10,0
ward_delivery,7,20261706,62,2,10,0
ward_delivery,7,20261706,63,1,10,0
ward_delivery,7,20261706,64,0,10,0
ward_delivery,7,20261706,65,0,10,0
ward_delivery,7,20261706,66,2,10,0
ward_delivery,7,20261706,67,1,10,0
ward_delivery,7,20261706,68,0,10,0
ward_delivery,7,20261706,69,1,10,0
ward_delivery,7,20261706,70,0,10,0
ward_delivery,7,20261706,71,2,10,0
ward_delivery,7,20261706,72,2,10,0
ward_delivery,7,20261706,73,1,10,0
ward_delivery,7,20261706,74,2,10,0
ward_delivery,7,20261706,75,2,10,0
ward_delivery,7,20261706,76,2,10,0
ward_delivery,7,20261706,77,2,10,0
ward_delivery,7,20261706,78,0,10,0
ward_delivery,7,20261706,79,1,10,0
ward_delivery,7,20261706,80,0,10,0
ward_delivery,7,20261706,81,2,10,0
ward_delivery,7,20261706,82,1,10,0
ward_delivery,7,20261706,83,0,10,0
ward_delivery,7,20261706,84,2,10,0
ward_delivery,7,20261706,85,2,10,0
ward_delivery,7,20261706,86,1,10,0
ward_delivery,7,20261706,87,2,10,0
ward_delivery,7,20261706,88,1,10,0
ward_delivery,7,20261706,89,0,10,0
ward_delivery,7,20261706,90,2,10,0
ward_delivery,7,20261706,91,0,10,0
ward_delivery,7,20261706,92,0,10,0
ward_delivery,7,20261706,93,1,10,0
ward_delivery,7,20261706,94,1,10,0
ward_delivery,7,20261706,95,2,10,0
ward_delivery,7,20261706,96,2,10,0
ward_delivery,7,20261706,97,2,10,0
ward_delivery,7,20261706,98,1,10,0
ward_delivery,7,20261706,99,0,10,0
ward_delivery,7,20261706,100,1,10,0
ward_delivery,7,20261706,101,1,10,0
ward_delivery,7,20261706,102,2,10,0
ward_delivery,7,20261706,103,2,10,0
ward_delivery,7,20261706,104,1,10,0
ward_delivery,7,20261706,105,0,10,0
ward_delivery,7,20261706,106,0,10,0
ward_delivery,7,20261706,107,1,10,0
ward_delivery,7,20261706,108,0,10,0
ward_delivery,7,20261706,109,1,10,0
ward_delivery,7,20261706,110,0,10,0
ward_delivery,7,20261706,111,1,10,0
ward_delivery,7,20261706,112,0,10,0
ward_delivery,7,20261706,113,0,10,0
ward_delivery,7,20261706,114,0,10,0
ward_delivery,7,20261706,115,0,10,0
ward_delivery,7,20261706,116,1,10,0
ward_delivery,7,20261706,117,2,10,0
ward_delivery,7,20261706,118,1,10,0
ward_delivery,7,20261706,119,1,10,0
pharmacy_hotspot,7,20261707,0,0,10,0
pharmacy_hotspot,7,20261707,1,0,10,0
pharmacy_hotspot,7,20261707,2,0,10,0
pharmacy_hotspot,7,20261707,3,0,10,0
pharmacy_hotspot,7,20261707,4,0,10,0
pharmacy_hotspot,7,20261707,5,0,10,0
pharmacy_hotspot,7,20261707,6,0,10,0
pharmacy_hotspot,7,20261707,7,1,10,0
pharmacy_hotspot,7,20261707,8,0,10,0
pharmacy_hotspot,7,20261707,9,0,10,0
pharmacy_hotspot,7,20261707,10,0,10,0
pharmacy_hotspot,7,20261707,11,0,10,0
pharmacy_hotspot,7,20261707,12,0,10,0
pharmacy_hotspot,7,20261707,13,2,10,0
pharmacy_hotspot,7,20261707,14,0,10,0
pharmacy_hotspot,7,20261707,15,0,10,0
pharmacy_hotspot,7,20261707,16,0,10,0
pharmacy_hotspot,7,20261707,17,0,10,0
pharmacy_hotspot,7,20261707,18,0,10,0
pharmacy_hotspot,7,20261707,19,0,10,0
pharmacy_hotspot,7,20261707,20,0,10,0
pharmacy_hotspot,7,20261707,21,0,10,0
pharmacy_hotspot,7,20261707,22,0,10,0
pharmacy_hotspot,7,20261707,23,0,10,0
pharmacy_hotspot,7,20261707,24,0,10,0
pharmacy_hotspot,7,20261707,25,0,10,0
pharmacy_hotspot,7,20261707,26,0,10,0
pharmacy_hotspot,7,20261707,27,0,10,0
pharmacy_hotspot,7,20261707,28,0,10,0
pharmacy_hotspot,7,20261707,29,1,10,0
pharmacy_hotspot,7,20261707,30,0,10,0
pharmacy_hotspot,7,20261707,31,1,10,0
pharmacy_hotspot,7,20261707,32,0,10,0
pharmacy_hotspot,7,20261707,33,0,10,0
pharmacy_hotspot,7,20261707,34,0,10,0
pharmacy_hotspot,7,20261707,35,0,10,0
pharmacy_hotspot,7,20261707,36,1,10,0
pharmacy_hotspot,7,20261707,37,0,10,0
pharmacy_hotspot,7,20261707,38,0,10,0
pharmacy_hotspot,7,20261707,39,0,10,0
pharmacy_hotspot,7,20261707,40,1,10,0
pharmacy_hotspot,7,20261707,41,0,10,0
pharmacy_hotspot,7,20261707,42,1,10,0
pharmacy_hotspot,7,20261707,43,0,10,0
pharmacy_hotspot,7,20261707,44,0,10,0
pharmacy_hotspot,7,20261707,45,0,10,0
pharmacy_hotspot,7,20261707,46,0,10,0
pharmacy_hotspot,7,20261707,47,0,10,0
pharmacy_hotspot,7,20261707,48,0,10,0
pharmacy_hotspot,7,20261707,49,0,10,0
pharmacy_hotspot,7,20261707,50,2,10,0
pharmacy_hotspot,7,20261707,51,2,10,0
pharmacy_hotspot,7,20261707,52,0,10,0
pharmacy_hotspot,7,20261707,53,0,10,0
pharmacy_hotspot,7,20261707,54,0,10,0
pharmacy_hotspot,7,20261707,55,1,10,0
pharmacy_hotspot,7,20261707,56,0,10,0
pharmacy_hotspot,7,20261707,57,0,10,0
pharmacy_hotspot,7,20261707,58,2,10,0
pharmacy_hotspot,7,20261707,59,1,10,0
pharmacy_hotspot,7,20261707,60,0,10,0
pharmacy_hotspot,7,20261707,61,0,10,0
pharmacy_hotspot,7,20261707,62,0,10,0
pharmacy_hotspot,7,20261707,63,0,10,0
pharmacy_hotspot,7,20261707,64,0,10,0
pharmacy_hotspot,7,20261707,65,0,10,0
pharmacy_hotspot,7,20261707,66,1,10,0
pharmacy_hotspot,7,20261707,67,0,10,0
pharmacy_hotspot,7,20261707,68,0,10,0
pharmacy_hotspot,7,20261707,69,0,10,0
pharmacy_hotspot,7,20261707,70,0,10,0
pharmacy_hotspot,7,20261707,71,0,10,0
pharmacy_hotspot,7,20261707,72,0,10,0
pharmacy_hotspot,7,20261707,73,0,10,0
pharmacy_hotspot,7,20261707,74,2,10,0
pharmacy_hotspot,7,20261707,75,0,10,0
pharmacy_hotspot,7,20261707,76,1,10,0
pharmacy_hotspot,7,20261707,77,0,10,0
pharmacy_hotspot,7,20261707,78,0,10,0
pharmacy_hotspot,7,20261707,79,0,10,0
pharmacy_hotspot,7,20261707,80,0,10,0
pharmacy_hotspot,7,20261707,81,0,10,0
pharmacy_hotspot,7,20261707,82,1,10,0
pharmacy_hotspot,7,20261707,83,0,10,0
pharmacy_hotspot,7,20261707,84,0,10,0
pharmacy_hotspot,7,20261707,85,0,10,0
pharmacy_hotspot,7,20261707,86,2,10,0
pharmacy_hotspot,7,20261707,87,2,10,0
pharmacy_hotspot,7,20261707,88,0,10,0
pharmacy_hotspot,7,20261707,89,0,10,0
pharmacy_hotspot,7,20261707,90,0,10,0
pharmacy_hotspot,7,20261707,91,2,10,0
pharmacy_hotspot,7,20261707,92,0,10,0
pharmacy_hotspot,7,20261707,93,0,10,0
pharmacy_hotspot,7,20261707,94,0,10,0
pharmacy_hotspot,7,20261707,95,2,10,0
pharmacy_hotspot,7,20261707,96,0,10,0
pharmacy_hotspot,7,20261707,97,0,10,0
pharmacy_hotspot,7,20261707,98,0,10,0
pharmacy_hotspot,7,20261707,99,0,10,0
pharmacy_hotspot,7,20261707,100,0,10,0
pharmacy_hotspot,7,20261707,101,0,10,0
pharmacy_hotspot,7,20261707,102,0,10,0
pharmacy_hotspot,7,20261707,103,2,10,0
pharmacy_hotspot,7,20261707,104,0,10,0
pharmacy_hotspot,7,20261707,105,2,10,0
pharmacy_hotspot,7,20261707,106,0,10,0
pharmacy_hotspot,7,20261707,107,0,10,0
pharmacy_hotspot,7,20261707,108,0,10,0
pharmacy_hotspot,7,20261707,109,0,10,0
pharmacy_hotspot,7,20261707,110,2,10,0
pharmacy_hotspot,7,20261707,111,0,10,0
pharmacy_hotspot,7,20261707,112,0,10,0
pharmacy_hotspot,7,20261707,113,0,10,0
pharmacy_hotspot,7,20261707,114,1,10,0
pharmacy_hotspot,7,20261707,115,0,10,0
pharmacy_hotspot,7,20261707,116,0,10,0
pharmacy_hotspot,7,20261707,117,0,10,0
pharmacy_hotspot,7,20261707,118,0,10,0
pharmacy_hotspot,7,20261707,119,0,10,0
mixed_services,7,20261708,0,1,5,0
mixed_services,7,20261708,1,0,40,0
mixed_services,7,20261708,2,2,40,0
mixed_services,7,20261708,3,2,10,0
mixed_services,7,20261708,4,0,40,0
mixed_services,7,20261708,5,2,5,0
mixed_services,7,20261708,6,1,40,0
mixed_services,7,20261708,7,1,5,0
mixed_services,7,20261708,8,0,5,0
mixed_services,7,20261708,9,0,40,0
mixed_services,7,20261708,10,0,5,0
mixed_services,7,20261708,11,2,40,0
mixed_services,7,20261708,12,1,40,0
mixed_services,7,20261708,13,1,40,0
mixed_services,7,20261708,14,0,10,0
mixed_services,7,20261708,15,2,40,0
mixed_services,7,20261708,16,0,5,0
mixed_services,7,20261708,17,0,5,0
mixed_services,7,20261708,18,2,5,0
mixed_services,7,20261708,19,1,40,0
mixed_services,7,20261708,20,1,10,0
mixed_services,7,20261708,21,1,10,0
mixed_services,7,20261708,22,0,40,0
mixed_services,7,20261708,23,0,10,0
mixed_services,7,20261708,24,0,10,0
mixed_services,7,20261708,25,1,10,0
mixed_services,7,20261708,26,0,10,0
mixed_services,7,20261708,27,2,40,0
mixed_services,7,20261708,28,2,5,0
mixed_services,7,20261708,29,2,5,0
mixed_services,7,20261708,30,0,10,0
mixed_services,7,20261708,31,2,5,0
mixed_services,7,20261708,32,1,40,0
mixed_services,7,20261708,33,2,10,0
mixed_services,7,20261708,34,1,40,0
mixed_services,7,20261708,35,1,5,0
mixed_services,7,20261708,36,1,40,0
mixed_services,7,20261708,37,2,40,0
mixed_services,7,20261708,38,0,5,0
mixed_services,7,20261708,39,0,10,0
mixed_services,7,20261708,40,1,5,0
mixed_services,7,20261708,41,0,40,0
mixed_services,7,20261708,42,0,10,0
mixed_services,7,20261708,43,2,10,0
mixed_services,7,20261708,44,0,40,0
mixed_services,7,20261708,45,2,40,0
mixed_services,7,20261708,46,0,10,0
mixed_services,7,20261708,47,2,5,0
mixed_services,7,20261708,48,1,5,0
mixed_services,7,20261708,49,1,10,0
mixed_services,7,20261708,50,0,10,0
mixed_services,7,20261708,51,1,40,0
mixed_services,7,20261708,52,1,5,0
mixed_services,7,20261708,53,1,5,0
mixed_services,7,20261708,54,2,10,0
mixed_services,7,20261708,55,2,10,0
mixed_services,7,20261708,56,1,5,0
mixed_services,7,20261708,57,0,5,0
mixed_services,7,20261708,58,1,5,0
mixed_services,7,20261708,59,1,40,0
mixed_services,7,20261708,60,0,5,0
mixed_services,7,20261708,61,2,10,0
mixed_services,7,20261708,62,2,10,0
mixed_services,7,20261708,63,1,40,0
mixed_services,7,20261708,64,0,10,0
mixed_services,7,20261708,65,1,10,0
mixed_services,7,20261708,66,1,10,0
mixed_services,7,20261708,67,1,10,0
mixed_services,7,20261708,68,1,5,0
mixed_services,7,20261708,69,0,5,0
mixed_services,7,20261708,70,2,10,0
mixed_services,7,20261708,71,1,5,0
mixed_services,7,20261708,72,2,40,0
mixed_services,7,20261708,73,0,40,0
mixed_services,7,20261708,74,2,5,0
mixed_services,7,20261708,75,0,5,0
mixed_services,7,20261708,76,1,10,0
mixed_services,7,20261708,77,0,5,0
mixed_services,7,20261708,78,2,5,0
mixed_services,7,20261708,79,0,5,0
mixed_services,7,20261708,80,2,40,0
mixed_services,7,20261708,81,0,5,0
mixed_services,7,20261708,82,1,10,0
mixed_services,7,20261708,83,1,10,0
mixed_services,7,20261708,84,2,40,0
mixed_services,7,20261708,85,1,5,0
mixed_services,7,20261708,86,2,5,0
mixed_services,7,20261708,87,2,5,0
mixed_services,7,20261708,88,0,40,0
mixed_services,7,20261708,89,2,5,0
mixed_services,7,20261708,90,0,40,0
mixed_services,7,20261708,91,0,10,0
mixed_services,7,20261708,92,0,40,0
mixed_services,7,20261708,93,0,5,0
mixed_services,7,20261708,94,0,40,0
mixed_services,7,20261708,95,2,10,0
mixed_services,7,20261708,96,2,10,0
mixed_services,7,20261708,97,2,40,0
mixed_services,7,20261708,98,2,40,0
mixed_services,7,20261708,99,2,10,0
mixed_services,7,20261708,100,0,10,0
mixed_services,7,20261708,101,2,5,0
mixed_services,7,20261708,102,1,40,0
mixed_services,7,20261708,103,1,5,0
mixed_services,7,20261708,104,1,40,0
mixed_services,7,20261708,105,2,5,0
mixed_services,7,20261708,106,2,10,0
mixed_services,7,20261708,107,0,10,0
mixed_services,7,20261708,108,0,40,0
mixed_services,7,20261708,109,2,40,0
mixed_services,7,20261708,110,1,10,0
mixed_services,7,20261708,111,1,5,0
mixed_services,7,20261708,112,2,40,0
mixed_services,7,20261708,113,1,10,0
mixed_services,7,20261708,114,0,40,0
mixed_services,7,20261708,115,2,5,0
mixed_services,7,20261708,116,0,5,0
mixed_services,7,20261708,117,1,10,0
mixed_services,7,20261708,118,2,10,0
mixed_services,7,20261708,119,1,40,0
clustered_rounds,7,20261709,0,0,10,0
clustered_rounds,7,20261709,1,0,10,0
clustered_rounds,7,20261709,2,0,10,0
clustered_rounds,7,20261709,3,0,10,0
clustered_rounds,7,20261709,4,0,10,0
clustered_rounds,7,20261709,5,0,10,0
clustered_rounds,7,20261709,6,0,10,0
clustered_rounds,7,20261709,7,0,10,0
clustered_rounds,7,20261709,8,0,10,0
clustered_rounds,7,20261709,9,0,10,0
clustered_rounds,7,20261709,10,0,10,0
clustered_rounds,7,20261709,11,0,10,0
clustered_rounds,7,20261709,12,0,10,0
clustered_rounds,7,20261709,13,0,10,0
clustered_rounds,7,20261709,14,0,10,0
clustered_rounds,7,20261709,15,0,10,0
clustered_rounds,7,20261709,16,0,10,0
clustered_rounds,7,20261709,17,0,10,0
clustered_rounds,7,20261709,18,0,10,0
clustered_rounds,7,20261709,19,0,10,0
clustered_rounds,7,20261709,20,0,10,0
clustered_rounds,7,20261709,21,0,10,0
clustered_rounds,7,20261709,22,0,10,0
clustered_rounds,7,20261709,23,0,10,0
clustered_rounds,7,20261709,24,0,10,0
clustered_rounds,7,20261709,25,0,10,0
clustered_rounds,7,20261709,26,0,10,0
clustered_rounds,7,20261709,27,0,10,0
clustered_rounds,7,20261709,28,0,10,0
clustered_rounds,7,20261709,29,0,10,0
clustered_rounds,7,20261709,30,0,10,0
clustered_rounds,7,20261709,31,0,10,0
clustered_rounds,7,20261709,32,0,10,0
clustered_rounds,7,20261709,33,0,10,0
clustered_rounds,7,20261709,34,0,10,0
clustered_rounds,7,20261709,35,0,10,0
clustered_rounds,7,20261709,36,0,10,0
clustered_rounds,7,20261709,37,0,10,0
clustered_rounds,7,20261709,38,0,10,0
clustered_rounds,7,20261709,39,0,10,0
clustered_rounds,7,20261709,40,1,10,0
clustered_rounds,7,20261709,41,1,10,0
clustered_rounds,7,20261709,42,1,10,0
clustered_rounds,7,20261709,43,1,10,0
clustered_rounds,7,20261709,44,1,10,0
clustered_rounds,7,20261709,45,1,10,0
clustered_rounds,7,20261709,46,1,10,0
clustered_rounds,7,20261709,47,1,10,0
clustered_rounds,7,20261709,48,1,10,0
clustered_rounds,7,20261709,49,1,10,0
clustered_rounds,7,20261709,50,1,10,0
clustered_rounds,7,20261709,51,1,10,0
clustered_rounds,7,20261709,52,1,10,0
clustered_rounds,7,20261709,53,1,10,0
clustered_rounds,7,20261709,54,1,10,0
clustered_rounds,7,20261709,55,1,10,0
clustered_rounds,7,20261709,56,1,10,0
clustered_rounds,7,20261709,57,1,10,0
clustered_rounds,7,20261709,58,1,10,0
clustered_rounds,7,20261709,59,1,10,0
clustered_rounds,7,20261709,60,1,10,0
clustered_rounds,7,20261709,61,1,10,0
clustered_rounds,7,20261709,62,1,10,0
clustered_rounds,7,20261709,63,1,10,0
clustered_rounds,7,20261709,64,1,10,0
clustered_rounds,7,20261709,65,1,10,0
clustered_rounds,7,20261709,66,1,10,0
clustered_rounds,7,20261709,67,1,10,0
clustered_rounds,7,20261709,68,1,10,0
clustered_rounds,7,20261709,69,1,10,0
clustered_rounds,7,20261709,70,1,10,0
clustered_rounds,7,20261709,71,1,10,0
clustered_rounds,7,20261709,72,1,10,0
clustered_rounds,7,20261709,73,1,10,0
clustered_rounds,7,20261709,74,1,10,0
clustered_rounds,7,20261709,75,1,10,0
clustered_rounds,7,20261709,76,1,10,0
clustered_rounds,7,20261709,77,1,10,0
clustered_rounds,7,20261709,78,1,10,0
clustered_rounds,7,20261709,79,1,10,0
clustered_rounds,7,20261709,80,2,10,0
clustered_rounds,7,20261709,81,2,10,0
clustered_rounds,7,20261709,82,2,10,0
clustered_rounds,7,20261709,83,2,10,0
clustered_rounds,7,20261709,84,2,10,0
clustered_rounds,7,20261709,85,2,10,0
clustered_rounds,7,20261709,86,2,10,0
clustered_rounds,7,20261709,87,2,10,0
clustered_rounds,7,20261709,88,2,10,0
clustered_rounds,7,20261709,89,2,10,0
clustered_rounds,7,20261709,90,2,10,0
clustered_rounds,7,20261709,91,2,10,0
clustered_rounds,7,20261709,92,2,10,0
clustered_rounds,7,20261709,93,2,10,0
clustered_rounds,7,20261709,94,2,10,0
clustered_rounds,7,20261709,95,2,10,0
clustered_rounds,7,20261709,96,2,10,0
clustered_rounds,7,20261709,97,2,10,0
clustered_rounds,7,20261709,98,2,10,0
clustered_rounds,7,20261709,99,2,10,0
clustered_rounds,7,20261709,100,2,10,0
clustered_rounds,7,20261709,101,2,10,0
clustered_rounds,7,20261709,102,2,10,0
clustered_rounds,7,20261709,103,2,10,0
clustered_rounds,7,20261709,104,2,10,0
clustered_rounds,7,20261709,105,2,10,0
clustered_rounds,7,20261709,106,2,10,0
clustered_rounds,7,20261709,107,2,10,0
clustered_rounds,7,20261709,108,2,10,0
clustered_rounds,7,20261709,109,2,10,0
clustered_rounds,7,20261709,110,2,10,0
clustered_rounds,7,20261709,111,2,10,0
clustered_rounds,7,20261709,112,2,10,0
clustered_rounds,7,20261709,113,2,10,0
clustered_rounds,7,20261709,114,2,10,0
clustered_rounds,7,20261709,115,2,10,0
clustered_rounds,7,20261709,116,2,10,0
clustered_rounds,7,20261709,117,2,10,0
clustered_rounds,7,20261709,118,2,10,0
clustered_rounds,7,20261709,119,2,10,0
burst_requests,7,20261710,0,0,10,0
burst_requests,7,20261710,1,0,10,0
burst_requests,7,20261710,2,0,10,0
burst_requests,7,20261710,3,0,10,0
burst_requests,7,20261710,4,1,10,0
burst_requests,7,20261710,5,0,10,0
burst_requests,7,20261710,6,0,10,0
burst_requests,7,20261710,7,0,10,0
burst_requests,7,20261710,8,1,10,0
burst_requests,7,20261710,9,1,10,0
burst_requests,7,20261710,10,1,10,0
burst_requests,7,20261710,11,1,10,0
burst_requests,7,20261710,12,2,10,0
burst_requests,7,20261710,13,1,10,0
burst_requests,7,20261710,14,1,10,0
burst_requests,7,20261710,15,0,10,0
burst_requests,7,20261710,16,2,10,0
burst_requests,7,20261710,17,2,10,0
burst_requests,7,20261710,18,0,10,0
burst_requests,7,20261710,19,1,10,0
burst_requests,7,20261710,20,2,10,0
burst_requests,7,20261710,21,0,10,0
burst_requests,7,20261710,22,2,10,0
burst_requests,7,20261710,23,2,10,0
burst_requests,7,20261710,24,0,10,0
burst_requests,7,20261710,25,1,10,0
burst_requests,7,20261710,26,0,10,0
burst_requests,7,20261710,27,2,10,0
burst_requests,7,20261710,28,2,10,0
burst_requests,7,20261710,29,2,10,0
burst_requests,7,20261710,30,0,10,0
burst_requests,7,20261710,31,2,10,0
burst_requests,7,20261710,32,1,10,0
burst_requests,7,20261710,33,0,10,0
burst_requests,7,20261710,34,2,10,0
burst_requests,7,20261710,35,1,10,0
burst_requests,7,20261710,36,2,10,0
burst_requests,7,20261710,37,0,10,0
burst_requests,7,20261710,38,0,10,0
burst_requests,7,20261710,39,2,10,0
burst_requests,7,20261710,40,1,10,200
burst_requests,7,20261710,41,2,10,200
burst_requests,7,20261710,42,2,10,200
burst_requests,7,20261710,43,1,10,200
burst_requests,7,20261710,44,1,10,200
burst_requests,7,20261710,45,0,10,200
burst_requests,7,20261710,46,2,10,200
burst_requests,7,20261710,47,1,10,200
burst_requests,7,20261710,48,2,10,200
burst_requests,7,20261710,49,1,10,200
burst_requests,7,20261710,50,2,10,200
burst_requests,7,20261710,51,0,10,200
burst_requests,7,20261710,52,0,10,200
burst_requests,7,20261710,53,2,10,200
burst_requests,7,20261710,54,2,10,200
burst_requests,7,20261710,55,1,10,200
burst_requests,7,20261710,56,2,10,200
burst_requests,7,20261710,57,0,10,200
burst_requests,7,20261710,58,1,10,200
burst_requests,7,20261710,59,0,10,200
burst_requests,7,20261710,60,0,10,200
burst_requests,7,20261710,61,2,10,200
burst_requests,7,20261710,62,0,10,200
burst_requests,7,20261710,63,2,10,200
burst_requests,7,20261710,64,1,10,200
burst_requests,7,20261710,65,0,10,200
burst_requests,7,20261710,66,2,10,200
burst_requests,7,20261710,67,2,10,200
burst_requests,7,20261710,68,2,10,200
burst_requests,7,20261710,69,1,10,200
burst_requests,7,20261710,70,1,10,200
burst_requests,7,20261710,71,2,10,200
burst_requests,7,20261710,72,0,10,200
burst_requests,7,20261710,73,1,10,200
burst_requests,7,20261710,74,1,10,200
burst_requests,7,20261710,75,1,10,200
burst_requests,7,20261710,76,1,10,200
burst_requests,7,20261710,77,1,10,200
burst_requests,7,20261710,78,1,10,200
burst_requests,7,20261710,79,0,10,200
burst_requests,7,20261710,80,2,10,400
burst_requests,7,20261710,81,0,10,400
burst_requests,7,20261710,82,2,10,400
burst_requests,7,20261710,83,2,10,400
burst_requests,7,20261710,84,1,10,400
burst_requests,7,20261710,85,0,10,400
burst_requests,7,20261710,86,0,10,400
burst_requests,7,20261710,87,2,10,400
burst_requests,7,20261710,88,0,10,400
burst_requests,7,20261710,89,1,10,400
burst_requests,7,20261710,90,0,10,400
burst_requests,7,20261710,91,0,10,400
burst_requests,7,20261710,92,2,10,400
burst_requests,7,20261710,93,0,10,400
burst_requests,7,20261710,94,1,10,400
burst_requests,7,20261710,95,1,10,400
burst_requests,7,20261710,96,2,10,400
burst_requests,7,20261710,97,1,10,400
burst_requests,7,20261710,98,2,10,400
burst_requests,7,20261710,99,0,10,400
burst_requests,7,20261710,100,2,10,400
burst_requests,7,20261710,101,2,10,400
burst_requests,7,20261710,102,1,10,400
burst_requests,7,20261710,103,1,10,400
burst_requests,7,20261710,104,2,10,400
burst_requests,7,20261710,105,0,10,400
burst_requests,7,20261710,106,0,10,400
burst_requests,7,20261710,107,1,10,400
burst_requests,7,20261710,108,2,10,400
burst_requests,7,20261710,109,1,10,400
burst_requests,7,20261710,110,1,10,400
burst_requests,7,20261710,111,0,10,400
burst_requests,7,20261710,112,0,10,400
burst_requests,7,20261710,113,1,10,400
burst_requests,7,20261710,114,2,10,400
burst_requests,7,20261710,115,2,10,400
burst_requests,7,20261710,116,1,10,400
burst_requests,7,20261710,117,0,10,400
burst_requests,7,20261710,118,1,10,400
burst_requests,7,20261710,119,0,10,400
multi_ward,7,20261711,0,4,10,0
multi_ward,7,20261711,1,2,10,0
multi_ward,7,20261711,2,3,10,0
multi_ward,7,20261711,3,3,10,0
multi_ward,7,20261711,4,1,10,0
multi_ward,7,20261711,5,5,10,0
multi_ward,7,20261711,6,0,10,0
multi_ward,7,20261711,7,1,10,0
multi_ward,7,20261711,8,3,10,0
multi_ward,7,20261711,9,0,10,0
multi_ward,7,20261711,10,3,10,0
multi_ward,7,20261711,11,5,10,0
multi_ward,7,20261711,12,3,10,0
multi_ward,7,20261711,13,5,10,0
multi_ward,7,20261711,14,3,10,0
multi_ward,7,20261711,15,1,10,0
multi_ward,7,20261711,16,1,10,0
multi_ward,7,20261711,17,3,10,0
multi_ward,7,20261711,18,5,10,0
multi_ward,7,20261711,19,1,10,0
multi_ward,7,20261711,20,0,10,0
multi_ward,7,20261711,21,1,10,0
multi_ward,7,20261711,22,2,10,0
multi_ward,7,20261711,23,5,10,0
multi_ward,7,20261711,24,0,10,0
multi_ward,7,20261711,25,2,10,0
multi_ward,7,20261711,26,5,10,0
multi_ward,7,20261711,27,0,10,0
multi_ward,7,20261711,28,1,10,0
multi_ward,7,20261711,29,5,10,0
multi_ward,7,20261711,30,1,10,0
multi_ward,7,20261711,31,0,10,0
multi_ward,7,20261711,32,1,10,0
multi_ward,7,20261711,33,4,10,0
multi_ward,7,20261711,34,1,10,0
multi_ward,7,20261711,35,4,10,0
multi_ward,7,20261711,36,3,10,0
multi_ward,7,20261711,37,2,10,0
multi_ward,7,20261711,38,2,10,0
multi_ward,7,20261711,39,2,10,0
multi_ward,7,20261711,40,5,10,0
multi_ward,7,20261711,41,3,10,0
multi_ward,7,20261711,42,4,10,0
multi_ward,7,20261711,43,5,10,0
multi_ward,7,20261711,44,5,10,0
multi_ward,7,20261711,45,1,10,0
multi_ward,7,20261711,46,5,10,0
multi_ward,7,20261711,47,0,10,0
multi_ward,7,20261711,48,3,10,0
multi_ward,7,20261711,49,5,10,0
multi_ward,7,20261711,50,0,10,0
multi_ward,7,20261711,51,0,10,0
multi_ward,7,20261711,52,1,10,0
multi_ward,7,20261711,53,0,10,0
multi_ward,7,20261711,54,4,10,0
multi_ward,7,20261711,55,4,10,0
multi_ward,7,20261711,56,5,10,0
multi_ward,7,20261711,57,2,10,0
multi_ward,7,20261711,58,1,10,0
multi_ward,7,20261711,59,1,10,0
multi_ward,7,20261711,60,2,10,0
multi_ward,7,20261711,61,2,10,0
multi_ward,7,20261711,62,4,10,0
multi_ward,7,20261711,63,4,10,0
multi_ward,7,20261711,64,4,10,0
multi_ward,7,20261711,65,3,10,0
multi_ward,7,20261711,66,0,10,0
multi_ward,7,20261711,67,2,10,0
multi_ward,7,20261711,68,4,10,0
multi_ward,7,20261711,69,1,10,0
multi_ward,7,20261711,70,1,10,0
multi_ward,7,20261711,71,4,10,0
multi_ward,7,20261711,72,0,10,0
multi_ward,7,20261711,73,5,10,0
multi_ward,7,20261711,74,2,10,0
multi_ward,7,20261711,75,0,10,0
multi_ward,7,20261711,76,4,10,0
multi_ward,7,20261711,77,1,10,0
multi_ward,7,20261711,78,1,10,0
multi_ward,7,20261711,79,2,10,0
multi_ward,7,20261711,80,4,10,0
multi_ward,7,20261711,81,3,10,0
multi_ward,7,20261711,82,3,10,0
multi_ward,7,20261711,83,4,10,0
multi_ward,7,20261711,84,3,10,0
multi_ward,7,20261711,85,4,10,0
multi_ward,7,20261711,86,1,10,0
multi_ward,7,20261711,87,3,10,0
multi_ward,7,20261711,88,3,10,0
multi_ward,7,20261711,89,5,10,0
multi_ward,7,20261711,90,4,10,0
multi_ward,7,20261711,91,5,10,0
multi_ward,7,20261711,92,1,10,0
multi_ward,7,20261711,93,3,10,0
multi_ward,7,20261711,94,0,10,0
multi_ward,7,20261711,95,2,10,0
multi_ward,7,20261711,96,0,10,0
multi_ward,7,20261711,97,5,10,0
multi_ward,7,20261711,98,2,10,0
multi_ward,7,20261711,99,0,10,0
multi_ward,7,20261711,100,4,10,0
multi_ward,7,20261711,101,3,10,0
multi_ward,7,20261711,102,0,10,0
multi_ward,7,20261711,103,2,10,0
multi_ward,7,20261711,104,4,10,0
multi_ward,7,20261711,105,4,10,0
multi_ward,7,20261711,106,2,10,0
multi_ward,7,20261711,107,0,10,0
multi_ward,7,20261711,108,2,10,0
multi_ward,7,20261711,109,2,10,0
multi_ward,7,20261711,110,5,10,0
multi_ward,7,20261711,111,5,10,0
multi_ward,7,20261711,112,3,10,0
multi_ward,7,20261711,113,0,10,0
multi_ward,7,20261711,114,2,10,0
multi_ward,7,20261711,115,0,10,0
multi_ward,7,20261711,116,2,10,0
multi_ward,7,20261711,117,4,10,0
multi_ward,7,20261711,118,5,10,0
multi_ward,7,20261711,119,3,10,0
ward_delivery,8,20261806,0,0,10,0
ward_delivery,8,20261806,1,2,10,0
ward_delivery,8,20261806,2,0,10,0
ward_delivery,8,20261806,3,1,10,0
ward_delivery,8,20261806,4,1,10,0
ward_delivery,8,20261806,5,1,10,0
ward_delivery,8,20261806,6,0,10,0
ward_delivery,8,20261806,7,0,10,0
ward_delivery,8,20261806,8,0,10,0
ward_delivery,8,20261806,9,0,10,0
ward_delivery,8,20261806,10,2,10,0
ward_delivery,8,20261806,11,2,10,0
ward_delivery,8,20261806,12,1,10,0
ward_delivery,8,20261806,13,2,10,0
ward_delivery,8,20261806,14,2,10,0
ward_delivery,8,20261806,15,0,10,0
ward_delivery,8,20261806,16,1,10,0
ward_delivery,8,20261806,17,0,10,0
ward_delivery,8,20261806,18,0,10,0
ward_delivery,8,20261806,19,1,10,0
ward_delivery,8,20261806,20,1,10,0
ward_delivery,8,20261806,21,0,10,0
ward_delivery,8,20261806,22,2,10,0
ward_delivery,8,20261806,23,2,10,0
ward_delivery,8,20261806,24,1,10,0
ward_delivery,8,20261806,25,2,10,0
ward_delivery,8,20261806,26,0,10,0
ward_delivery,8,20261806,27,0,10,0
ward_delivery,8,20261806,28,2,10,0
ward_delivery,8,20261806,29,0,10,0
ward_delivery,8,20261806,30,1,10,0
ward_delivery,8,20261806,31,1,10,0
ward_delivery,8,20261806,32,2,10,0
ward_delivery,8,20261806,33,1,10,0
ward_delivery,8,20261806,34,1,10,0
ward_delivery,8,20261806,35,0,10,0
ward_delivery,8,20261806,36,2,10,0
ward_delivery,8,20261806,37,1,10,0
ward_delivery,8,20261806,38,2,10,0
ward_delivery,8,20261806,39,2,10,0
ward_delivery,8,20261806,40,0,10,0
ward_delivery,8,20261806,41,2,10,0
ward_delivery,8,20261806,42,2,10,0
ward_delivery,8,20261806,43,1,10,0
ward_delivery,8,20261806,44,2,10,0
ward_delivery,8,20261806,45,0,10,0
ward_delivery,8,20261806,46,0,10,0
ward_delivery,8,20261806,47,0,10,0
ward_delivery,8,20261806,48,1,10,0
ward_delivery,8,20261806,49,1,10,0
ward_delivery,8,20261806,50,1,10,0
ward_delivery,8,20261806,51,1,10,0
ward_delivery,8,20261806,52,1,10,0
ward_delivery,8,20261806,53,0,10,0
ward_delivery,8,20261806,54,0,10,0
ward_delivery,8,20261806,55,1,10,0
ward_delivery,8,20261806,56,2,10,0
ward_delivery,8,20261806,57,1,10,0
ward_delivery,8,20261806,58,2,10,0
ward_delivery,8,20261806,59,2,10,0
ward_delivery,8,20261806,60,1,10,0
ward_delivery,8,20261806,61,1,10,0
ward_delivery,8,20261806,62,0,10,0
ward_delivery,8,20261806,63,0,10,0
ward_delivery,8,20261806,64,0,10,0
ward_delivery,8,20261806,65,0,10,0
ward_delivery,8,20261806,66,0,10,0
ward_delivery,8,20261806,67,2,10,0
ward_delivery,8,20261806,68,1,10,0
ward_delivery,8,20261806,69,2,10,0
ward_delivery,8,20261806,70,1,10,0
ward_delivery,8,20261806,71,2,10,0
ward_delivery,8,20261806,72,1,10,0
ward_delivery,8,20261806,73,1,10,0
ward_delivery,8,20261806,74,2,10,0
ward_delivery,8,20261806,75,0,10,0
ward_delivery,8,20261806,76,1,10,0
ward_delivery,8,20261806,77,0,10,0
ward_delivery,8,20261806,78,2,10,0
ward_delivery,8,20261806,79,1,10,0
ward_delivery,8,20261806,80,1,10,0
ward_delivery,8,20261806,81,2,10,0
ward_delivery,8,20261806,82,1,10,0
ward_delivery,8,20261806,83,2,10,0
ward_delivery,8,20261806,84,0,10,0
ward_delivery,8,20261806,85,1,10,0
ward_delivery,8,20261806,86,0,10,0
ward_delivery,8,20261806,87,2,10,0
ward_delivery,8,20261806,88,2,10,0
ward_delivery,8,20261806,89,2,10,0
ward_delivery,8,20261806,90,2,10,0
ward_delivery,8,20261806,91,0,10,0
ward_delivery,8,20261806,92,0,10,0
ward_delivery,8,20261806,93,1,10,0
ward_delivery,8,20261806,94,2,10,0
ward_delivery,8,20261806,95,2,10,0
ward_delivery,8,20261806,96,0,10,0
ward_delivery,8,20261806,97,1,10,0
ward_delivery,8,20261806,98,1,10,0
ward_delivery,8,20261806,99,2,10,0
ward_delivery,8,20261806,100,2,10,0
ward_delivery,8,20261806,101,0,10,0
ward_delivery,8,20261806,102,2,10,0
ward_delivery,8,20261806,103,0,10,0
ward_delivery,8,20261806,104,0,10,0
ward_delivery,8,20261806,105,2,10,0
ward_delivery,8,20261806,106,2,10,0
ward_delivery,8,20261806,107,2,10,0
ward_delivery,8,20261806,108,1,10,0
ward_delivery,8,20261806,109,2,10,0
ward_delivery,8,20261806,110,0,10,0
ward_delivery,8,20261806,111,0,10,0
ward_delivery,8,20261806,112,0,10,0
ward_delivery,8,20261806,113,1,10,0
ward_delivery,8,20261806,114,2,10,0
ward_delivery,8,20261806,115,1,10,0
ward_delivery,8,20261806,116,1,10,0
ward_delivery,8,20261806,117,0,10,0
ward_delivery,8,20261806,118,0,10,0
ward_delivery,8,20261806,119,1,10,0
pharmacy_hotspot,8,20261807,0,0,10,0
pharmacy_hotspot,8,20261807,1,0,10,0
pharmacy_hotspot,8,20261807,2,0,10,0
pharmacy_hotspot,8,20261807,3,0,10,0
pharmacy_hotspot,8,20261807,4,0,10,0
pharmacy_hotspot,8,20261807,5,2,10,0
pharmacy_hotspot,8,20261807,6,0,10,0
pharmacy_hotspot,8,20261807,7,0,10,0
pharmacy_hotspot,8,20261807,8,0,10,0
pharmacy_hotspot,8,20261807,9,0,10,0
pharmacy_hotspot,8,20261807,10,0,10,0
pharmacy_hotspot,8,20261807,11,0,10,0
pharmacy_hotspot,8,20261807,12,0,10,0
pharmacy_hotspot,8,20261807,13,0,10,0
pharmacy_hotspot,8,20261807,14,0,10,0
pharmacy_hotspot,8,20261807,15,2,10,0
pharmacy_hotspot,8,20261807,16,1,10,0
pharmacy_hotspot,8,20261807,17,0,10,0
pharmacy_hotspot,8,20261807,18,0,10,0
pharmacy_hotspot,8,20261807,19,0,10,0
pharmacy_hotspot,8,20261807,20,0,10,0
pharmacy_hotspot,8,20261807,21,0,10,0
pharmacy_hotspot,8,20261807,22,2,10,0
pharmacy_hotspot,8,20261807,23,0,10,0
pharmacy_hotspot,8,20261807,24,0,10,0
pharmacy_hotspot,8,20261807,25,0,10,0
pharmacy_hotspot,8,20261807,26,0,10,0
pharmacy_hotspot,8,20261807,27,0,10,0
pharmacy_hotspot,8,20261807,28,0,10,0
pharmacy_hotspot,8,20261807,29,0,10,0
pharmacy_hotspot,8,20261807,30,1,10,0
pharmacy_hotspot,8,20261807,31,2,10,0
pharmacy_hotspot,8,20261807,32,0,10,0
pharmacy_hotspot,8,20261807,33,2,10,0
pharmacy_hotspot,8,20261807,34,0,10,0
pharmacy_hotspot,8,20261807,35,0,10,0
pharmacy_hotspot,8,20261807,36,0,10,0
pharmacy_hotspot,8,20261807,37,2,10,0
pharmacy_hotspot,8,20261807,38,0,10,0
pharmacy_hotspot,8,20261807,39,0,10,0
pharmacy_hotspot,8,20261807,40,0,10,0
pharmacy_hotspot,8,20261807,41,1,10,0
pharmacy_hotspot,8,20261807,42,0,10,0
pharmacy_hotspot,8,20261807,43,0,10,0
pharmacy_hotspot,8,20261807,44,0,10,0
pharmacy_hotspot,8,20261807,45,0,10,0
pharmacy_hotspot,8,20261807,46,2,10,0
pharmacy_hotspot,8,20261807,47,0,10,0
pharmacy_hotspot,8,20261807,48,0,10,0
pharmacy_hotspot,8,20261807,49,2,10,0
pharmacy_hotspot,8,20261807,50,0,10,0
pharmacy_hotspot,8,20261807,51,2,10,0
pharmacy_hotspot,8,20261807,52,0,10,0
pharmacy_hotspot,8,20261807,53,0,10,0
pharmacy_hotspot,8,20261807,54,1,10,0
pharmacy_hotspot,8,20261807,55,0,10,0
pharmacy_hotspot,8,20261807,56,0,10,0
pharmacy_hotspot,8,20261807,57,0,10,0
pharmacy_hotspot,8,20261807,58,0,10,0
pharmacy_hotspot,8,20261807,59,2,10,0
pharmacy_hotspot,8,20261807,60,0,10,0
pharmacy_hotspot,8,20261807,61,1,10,0
pharmacy_hotspot,8,20261807,62,0,10,0
pharmacy_hotspot,8,20261807,63,0,10,0
pharmacy_hotspot,8,20261807,64,0,10,0
pharmacy_hotspot,8,20261807,65,1,10,0
pharmacy_hotspot,8,20261807,66,0,10,0
pharmacy_hotspot,8,20261807,67,0,10,0
pharmacy_hotspot,8,20261807,68,0,10,0
pharmacy_hotspot,8,20261807,69,0,10,0
pharmacy_hotspot,8,20261807,70,0,10,0
pharmacy_hotspot,8,20261807,71,0,10,0
pharmacy_hotspot,8,20261807,72,0,10,0
pharmacy_hotspot,8,20261807,73,0,10,0
pharmacy_hotspot,8,20261807,74,0,10,0
pharmacy_hotspot,8,20261807,75,1,10,0
pharmacy_hotspot,8,20261807,76,0,10,0
pharmacy_hotspot,8,20261807,77,1,10,0
pharmacy_hotspot,8,20261807,78,0,10,0
pharmacy_hotspot,8,20261807,79,1,10,0
pharmacy_hotspot,8,20261807,80,0,10,0
pharmacy_hotspot,8,20261807,81,0,10,0
pharmacy_hotspot,8,20261807,82,0,10,0
pharmacy_hotspot,8,20261807,83,0,10,0
pharmacy_hotspot,8,20261807,84,0,10,0
pharmacy_hotspot,8,20261807,85,0,10,0
pharmacy_hotspot,8,20261807,86,0,10,0
pharmacy_hotspot,8,20261807,87,2,10,0
pharmacy_hotspot,8,20261807,88,0,10,0
pharmacy_hotspot,8,20261807,89,1,10,0
pharmacy_hotspot,8,20261807,90,0,10,0
pharmacy_hotspot,8,20261807,91,0,10,0
pharmacy_hotspot,8,20261807,92,1,10,0
pharmacy_hotspot,8,20261807,93,0,10,0
pharmacy_hotspot,8,20261807,94,0,10,0
pharmacy_hotspot,8,20261807,95,0,10,0
pharmacy_hotspot,8,20261807,96,0,10,0
pharmacy_hotspot,8,20261807,97,0,10,0
pharmacy_hotspot,8,20261807,98,0,10,0
pharmacy_hotspot,8,20261807,99,0,10,0
pharmacy_hotspot,8,20261807,100,0,10,0
pharmacy_hotspot,8,20261807,101,0,10,0
pharmacy_hotspot,8,20261807,102,1,10,0
pharmacy_hotspot,8,20261807,103,0,10,0
pharmacy_hotspot,8,20261807,104,0,10,0
pharmacy_hotspot,8,20261807,105,0,10,0
pharmacy_hotspot,8,20261807,106,0,10,0
pharmacy_hotspot,8,20261807,107,0,10,0
pharmacy_hotspot,8,20261807,108,0,10,0
pharmacy_hotspot,8,20261807,109,0,10,0
pharmacy_hotspot,8,20261807,110,0,10,0
pharmacy_hotspot,8,20261807,111,0,10,0
pharmacy_hotspot,8,20261807,112,0,10,0
pharmacy_hotspot,8,20261807,113,0,10,0
pharmacy_hotspot,8,20261807,114,0,10,0
pharmacy_hotspot,8,20261807,115,0,10,0
pharmacy_hotspot,8,20261807,116,0,10,0
pharmacy_hotspot,8,20261807,117,2,10,0
pharmacy_hotspot,8,20261807,118,0,10,0
pharmacy_hotspot,8,20261807,119,0,10,0
mixed_services,8,20261808,0,1,40,0
mixed_services,8,20261808,1,2,40,0
mixed_services,8,20261808,2,0,5,0
mixed_services,8,20261808,3,1,10,0
mixed_services,8,20261808,4,1,40,0
mixed_services,8,20261808,5,1,10,0
mixed_services,8,20261808,6,2,40,0
mixed_services,8,20261808,7,1,40,0
mixed_services,8,20261808,8,2,5,0
mixed_services,8,20261808,9,1,5,0
mixed_services,8,20261808,10,1,40,0
mixed_services,8,20261808,11,0,10,0
mixed_services,8,20261808,12,0,10,0
mixed_services,8,20261808,13,1,40,0
mixed_services,8,20261808,14,2,10,0
mixed_services,8,20261808,15,2,40,0
mixed_services,8,20261808,16,1,10,0
mixed_services,8,20261808,17,0,5,0
mixed_services,8,20261808,18,0,5,0
mixed_services,8,20261808,19,1,5,0
mixed_services,8,20261808,20,1,40,0
mixed_services,8,20261808,21,1,10,0
mixed_services,8,20261808,22,2,5,0
mixed_services,8,20261808,23,1,40,0
mixed_services,8,20261808,24,1,40,0
mixed_services,8,20261808,25,2,10,0
mixed_services,8,20261808,26,0,10,0
mixed_services,8,20261808,27,1,5,0
mixed_services,8,20261808,28,0,10,0
mixed_services,8,20261808,29,0,5,0
mixed_services,8,20261808,30,0,10,0
mixed_services,8,20261808,31,0,40,0
mixed_services,8,20261808,32,1,10,0
mixed_services,8,20261808,33,1,10,0
mixed_services,8,20261808,34,2,5,0
mixed_services,8,20261808,35,0,10,0
mixed_services,8,20261808,36,2,5,0
mixed_services,8,20261808,37,2,40,0
mixed_services,8,20261808,38,1,10,0
mixed_services,8,20261808,39,1,5,0
mixed_services,8,20261808,40,1,5,0
mixed_services,8,20261808,41,0,40,0
mixed_services,8,20261808,42,0,10,0
mixed_services,8,20261808,43,2,10,0
mixed_services,8,20261808,44,2,40,0
mixed_services,8,20261808,45,2,5,0
mixed_services,8,20261808,46,2,10,0
mixed_services,8,20261808,47,0,5,0
mixed_services,8,20261808,48,1,5,0
mixed_services,8,20261808,49,0,10,0
mixed_services,8,20261808,50,2,5,0
mixed_services,8,20261808,51,1,5,0
mixed_services,8,20261808,52,2,10,0
mixed_services,8,20261808,53,2,5,0
mixed_services,8,20261808,54,1,40,0
mixed_services,8,20261808,55,1,5,0
mixed_services,8,20261808,56,0,5,0
mixed_services,8,20261808,57,2,10,0
mixed_services,8,20261808,58,0,40,0
mixed_services,8,20261808,59,0,10,0
mixed_services,8,20261808,60,0,10,0
mixed_services,8,20261808,61,1,5,0
mixed_services,8,20261808,62,2,40,0
mixed_services,8,20261808,63,0,5,0
mixed_services,8,20261808,64,2,40,0
mixed_services,8,20261808,65,0,40,0
mixed_services,8,20261808,66,2,10,0
mixed_services,8,20261808,67,2,10,0
mixed_services,8,20261808,68,1,5,0
mixed_services,8,20261808,69,2,10,0
mixed_services,8,20261808,70,0,40,0
mixed_services,8,20261808,71,1,5,0
mixed_services,8,20261808,72,0,40,0
mixed_services,8,20261808,73,1,40,0
mixed_services,8,20261808,74,2,5,0
mixed_services,8,20261808,75,1,10,0
mixed_services,8,20261808,76,2,10,0
mixed_services,8,20261808,77,2,5,0
mixed_services,8,20261808,78,0,5,0
mixed_services,8,20261808,79,1,10,0
mixed_services,8,20261808,80,2,10,0
mixed_services,8,20261808,81,2,40,0
mixed_services,8,20261808,82,1,10,0
mixed_services,8,20261808,83,0,10,0
mixed_services,8,20261808,84,1,10,0
mixed_services,8,20261808,85,1,40,0
mixed_services,8,20261808,86,1,10,0
mixed_services,8,20261808,87,0,40,0
mixed_services,8,20261808,88,2,40,0
mixed_services,8,20261808,89,1,5,0
mixed_services,8,20261808,90,0,10,0
mixed_services,8,20261808,91,2,5,0
mixed_services,8,20261808,92,0,40,0
mixed_services,8,20261808,93,0,5,0
mixed_services,8,20261808,94,2,5,0
mixed_services,8,20261808,95,2,5,0
mixed_services,8,20261808,96,2,40,0
mixed_services,8,20261808,97,0,10,0
mixed_services,8,20261808,98,0,5,0
mixed_services,8,20261808,99,0,5,0
mixed_services,8,20261808,100,0,40,0
mixed_services,8,20261808,101,2,40,0
mixed_services,8,20261808,102,2,40,0
mixed_services,8,20261808,103,0,5,0
mixed_services,8,20261808,104,0,40,0
mixed_services,8,20261808,105,2,40,0
mixed_services,8,20261808,106,1,5,0
mixed_services,8,20261808,107,2,10,0
mixed_services,8,20261808,108,0,5,0
mixed_services,8,20261808,109,1,5,0
mixed_services,8,20261808,110,2,5,0
mixed_services,8,20261808,111,2,10,0
mixed_services,8,20261808,112,1,40,0
mixed_services,8,20261808,113,0,40,0
mixed_services,8,20261808,114,0,40,0
mixed_services,8,20261808,115,2,5,0
mixed_services,8,20261808,116,0,40,0
mixed_services,8,20261808,117,0,5,0
mixed_services,8,20261808,118,1,10,0
mixed_services,8,20261808,119,1,40,0
clustered_rounds,8,20261809,0,0,10,0
clustered_rounds,8,20261809,1,0,10,0
clustered_rounds,8,20261809,2,0,10,0
clustered_rounds,8,20261809,3,0,10,0
clustered_rounds,8,20261809,4,0,10,0
clustered_rounds,8,20261809,5,0,10,0
clustered_rounds,8,20261809,6,0,10,0
clustered_rounds,8,20261809,7,0,10,0
clustered_rounds,8,20261809,8,0,10,0
clustered_rounds,8,20261809,9,0,10,0
clustered_rounds,8,20261809,10,0,10,0
clustered_rounds,8,20261809,11,0,10,0
clustered_rounds,8,20261809,12,0,10,0
clustered_rounds,8,20261809,13,0,10,0
clustered_rounds,8,20261809,14,0,10,0
clustered_rounds,8,20261809,15,0,10,0
clustered_rounds,8,20261809,16,0,10,0
clustered_rounds,8,20261809,17,0,10,0
clustered_rounds,8,20261809,18,0,10,0
clustered_rounds,8,20261809,19,0,10,0
clustered_rounds,8,20261809,20,0,10,0
clustered_rounds,8,20261809,21,0,10,0
clustered_rounds,8,20261809,22,0,10,0
clustered_rounds,8,20261809,23,0,10,0
clustered_rounds,8,20261809,24,0,10,0
clustered_rounds,8,20261809,25,0,10,0
clustered_rounds,8,20261809,26,0,10,0
clustered_rounds,8,20261809,27,0,10,0
clustered_rounds,8,20261809,28,0,10,0
clustered_rounds,8,20261809,29,0,10,0
clustered_rounds,8,20261809,30,0,10,0
clustered_rounds,8,20261809,31,0,10,0
clustered_rounds,8,20261809,32,0,10,0
clustered_rounds,8,20261809,33,0,10,0
clustered_rounds,8,20261809,34,0,10,0
clustered_rounds,8,20261809,35,0,10,0
clustered_rounds,8,20261809,36,0,10,0
clustered_rounds,8,20261809,37,0,10,0
clustered_rounds,8,20261809,38,0,10,0
clustered_rounds,8,20261809,39,0,10,0
clustered_rounds,8,20261809,40,1,10,0
clustered_rounds,8,20261809,41,1,10,0
clustered_rounds,8,20261809,42,1,10,0
clustered_rounds,8,20261809,43,1,10,0
clustered_rounds,8,20261809,44,1,10,0
clustered_rounds,8,20261809,45,1,10,0
clustered_rounds,8,20261809,46,1,10,0
clustered_rounds,8,20261809,47,1,10,0
clustered_rounds,8,20261809,48,1,10,0
clustered_rounds,8,20261809,49,1,10,0
clustered_rounds,8,20261809,50,1,10,0
clustered_rounds,8,20261809,51,1,10,0
clustered_rounds,8,20261809,52,1,10,0
clustered_rounds,8,20261809,53,1,10,0
clustered_rounds,8,20261809,54,1,10,0
clustered_rounds,8,20261809,55,1,10,0
clustered_rounds,8,20261809,56,1,10,0
clustered_rounds,8,20261809,57,1,10,0
clustered_rounds,8,20261809,58,1,10,0
clustered_rounds,8,20261809,59,1,10,0
clustered_rounds,8,20261809,60,1,10,0
clustered_rounds,8,20261809,61,1,10,0
clustered_rounds,8,20261809,62,1,10,0
clustered_rounds,8,20261809,63,1,10,0
clustered_rounds,8,20261809,64,1,10,0
clustered_rounds,8,20261809,65,1,10,0
clustered_rounds,8,20261809,66,1,10,0
clustered_rounds,8,20261809,67,1,10,0
clustered_rounds,8,20261809,68,1,10,0
clustered_rounds,8,20261809,69,1,10,0
clustered_rounds,8,20261809,70,1,10,0
clustered_rounds,8,20261809,71,1,10,0
clustered_rounds,8,20261809,72,1,10,0
clustered_rounds,8,20261809,73,1,10,0
clustered_rounds,8,20261809,74,1,10,0
clustered_rounds,8,20261809,75,1,10,0
clustered_rounds,8,20261809,76,1,10,0
clustered_rounds,8,20261809,77,1,10,0
clustered_rounds,8,20261809,78,1,10,0
clustered_rounds,8,20261809,79,1,10,0
clustered_rounds,8,20261809,80,2,10,0
clustered_rounds,8,20261809,81,2,10,0
clustered_rounds,8,20261809,82,2,10,0
clustered_rounds,8,20261809,83,2,10,0
clustered_rounds,8,20261809,84,2,10,0
clustered_rounds,8,20261809,85,2,10,0
clustered_rounds,8,20261809,86,2,10,0
clustered_rounds,8,20261809,87,2,10,0
clustered_rounds,8,20261809,88,2,10,0
clustered_rounds,8,20261809,89,2,10,0
clustered_rounds,8,20261809,90,2,10,0
clustered_rounds,8,20261809,91,2,10,0
clustered_rounds,8,20261809,92,2,10,0
clustered_rounds,8,20261809,93,2,10,0
clustered_rounds,8,20261809,94,2,10,0
clustered_rounds,8,20261809,95,2,10,0
clustered_rounds,8,20261809,96,2,10,0
clustered_rounds,8,20261809,97,2,10,0
clustered_rounds,8,20261809,98,2,10,0
clustered_rounds,8,20261809,99,2,10,0
clustered_rounds,8,20261809,100,2,10,0
clustered_rounds,8,20261809,101,2,10,0
clustered_rounds,8,20261809,102,2,10,0
clustered_rounds,8,20261809,103,2,10,0
clustered_rounds,8,20261809,104,2,10,0
clustered_rounds,8,20261809,105,2,10,0
clustered_rounds,8,20261809,106,2,10,0
clustered_rounds,8,20261809,107,2,10,0
clustered_rounds,8,20261809,108,2,10,0
clustered_rounds,8,20261809,109,2,10,0
clustered_rounds,8,20261809,110,2,10,0
clustered_rounds,8,20261809,111,2,10,0
clustered_rounds,8,20261809,112,2,10,0
clustered_rounds,8,20261809,113,2,10,0
clustered_rounds,8,20261809,114,2,10,0
clustered_rounds,8,20261809,115,2,10,0
clustered_rounds,8,20261809,116,2,10,0
clustered_rounds,8,20261809,117,2,10,0
clustered_rounds,8,20261809,118,2,10,0
clustered_rounds,8,20261809,119,2,10,0
burst_requests,8,20261810,0,0,10,0
burst_requests,8,20261810,1,1,10,0
burst_requests,8,20261810,2,2,10,0
burst_requests,8,20261810,3,1,10,0
burst_requests,8,20261810,4,1,10,0
burst_requests,8,20261810,5,1,10,0
burst_requests,8,20261810,6,0,10,0
burst_requests,8,20261810,7,0,10,0
burst_requests,8,20261810,8,1,10,0
burst_requests,8,20261810,9,0,10,0
burst_requests,8,20261810,10,1,10,0
burst_requests,8,20261810,11,1,10,0
burst_requests,8,20261810,12,1,10,0
burst_requests,8,20261810,13,1,10,0
burst_requests,8,20261810,14,2,10,0
burst_requests,8,20261810,15,0,10,0
burst_requests,8,20261810,16,0,10,0
burst_requests,8,20261810,17,2,10,0
burst_requests,8,20261810,18,1,10,0
burst_requests,8,20261810,19,2,10,0
burst_requests,8,20261810,20,2,10,0
burst_requests,8,20261810,21,0,10,0
burst_requests,8,20261810,22,0,10,0
burst_requests,8,20261810,23,2,10,0
burst_requests,8,20261810,24,0,10,0
burst_requests,8,20261810,25,0,10,0
burst_requests,8,20261810,26,1,10,0
burst_requests,8,20261810,27,2,10,0
burst_requests,8,20261810,28,2,10,0
burst_requests,8,20261810,29,1,10,0
burst_requests,8,20261810,30,2,10,0
burst_requests,8,20261810,31,2,10,0
burst_requests,8,20261810,32,1,10,0
burst_requests,8,20261810,33,0,10,0
burst_requests,8,20261810,34,1,10,0
burst_requests,8,20261810,35,1,10,0
burst_requests,8,20261810,36,2,10,0
burst_requests,8,20261810,37,0,10,0
burst_requests,8,20261810,38,2,10,0
burst_requests,8,20261810,39,1,10,0
burst_requests,8,20261810,40,0,10,200
burst_requests,8,20261810,41,1,10,200
burst_requests,8,20261810,42,0,10,200
burst_requests,8,20261810,43,2,10,200
burst_requests,8,20261810,44,1,10,200
burst_requests,8,20261810,45,1,10,200
burst_requests,8,20261810,46,0,10,200
burst_requests,8,20261810,47,1,10,200
burst_requests,8,20261810,48,1,10,200
burst_requests,8,20261810,49,0,10,200
burst_requests,8,20261810,50,2,10,200
burst_requests,8,20261810,51,0,10,200
burst_requests,8,20261810,52,2,10,200
burst_requests,8,20261810,53,2,10,200
burst_requests,8,20261810,54,2,10,200
burst_requests,8,20261810,55,1,10,200
burst_requests,8,20261810,56,0,10,200
burst_requests,8,20261810,57,2,10,200
burst_requests,8,20261810,58,1,10,200
burst_requests,8,20261810,59,0,10,200
burst_requests,8,20261810,60,1,10,200
burst_requests,8,20261810,61,2,10,200
burst_requests,8,20261810,62,0,10,200
burst_requests,8,20261810,63,0,10,200
burst_requests,8,20261810,64,1,10,200
burst_requests,8,20261810,65,1,10,200
burst_requests,8,20261810,66,2,10,200
burst_requests,8,20261810,67,0,10,200
burst_requests,8,20261810,68,2,10,200
burst_requests,8,20261810,69,1,10,200
burst_requests,8,20261810,70,0,10,200
burst_requests,8,20261810,71,2,10,200
burst_requests,8,20261810,72,0,10,200
burst_requests,8,20261810,73,2,10,200
burst_requests,8,20261810,74,2,10,200
burst_requests,8,20261810,75,0,10,200
burst_requests,8,20261810,76,2,10,200
burst_requests,8,20261810,77,0,10,200
burst_requests,8,20261810,78,1,10,200
burst_requests,8,20261810,79,0,10,200
burst_requests,8,20261810,80,1,10,400
burst_requests,8,20261810,81,0,10,400
burst_requests,8,20261810,82,1,10,400
burst_requests,8,20261810,83,2,10,400
burst_requests,8,20261810,84,2,10,400
burst_requests,8,20261810,85,2,10,400
burst_requests,8,20261810,86,1,10,400
burst_requests,8,20261810,87,0,10,400
burst_requests,8,20261810,88,0,10,400
burst_requests,8,20261810,89,2,10,400
burst_requests,8,20261810,90,1,10,400
burst_requests,8,20261810,91,1,10,400
burst_requests,8,20261810,92,0,10,400
burst_requests,8,20261810,93,2,10,400
burst_requests,8,20261810,94,1,10,400
burst_requests,8,20261810,95,2,10,400
burst_requests,8,20261810,96,0,10,400
burst_requests,8,20261810,97,2,10,400
burst_requests,8,20261810,98,1,10,400
burst_requests,8,20261810,99,0,10,400
burst_requests,8,20261810,100,2,10,400
burst_requests,8,20261810,101,2,10,400
burst_requests,8,20261810,102,1,10,400
burst_requests,8,20261810,103,1,10,400
burst_requests,8,20261810,104,0,10,400
burst_requests,8,20261810,105,2,10,400
burst_requests,8,20261810,106,1,10,400
burst_requests,8,20261810,107,0,10,400
burst_requests,8,20261810,108,0,10,400
burst_requests,8,20261810,109,1,10,400
burst_requests,8,20261810,110,0,10,400
burst_requests,8,20261810,111,2,10,400
burst_requests,8,20261810,112,0,10,400
burst_requests,8,20261810,113,0,10,400
burst_requests,8,20261810,114,1,10,400
burst_requests,8,20261810,115,2,10,400
burst_requests,8,20261810,116,0,10,400
burst_requests,8,20261810,117,2,10,400
burst_requests,8,20261810,118,2,10,400
burst_requests,8,20261810,119,2,10,400
multi_ward,8,20261811,0,5,10,0
multi_ward,8,20261811,1,1,10,0
multi_ward,8,20261811,2,2,10,0
multi_ward,8,20261811,3,3,10,0
multi_ward,8,20261811,4,3,10,0
multi_ward,8,20261811,5,4,10,0
multi_ward,8,20261811,6,4,10,0
multi_ward,8,20261811,7,3,10,0
multi_ward,8,20261811,8,5,10,0
multi_ward,8,20261811,9,3,10,0
multi_ward,8,20261811,10,5,10,0
multi_ward,8,20261811,11,4,10,0
multi_ward,8,20261811,12,4,10,0
multi_ward,8,20261811,13,4,10,0
multi_ward,8,20261811,14,3,10,0
multi_ward,8,20261811,15,5,10,0
multi_ward,8,20261811,16,4,10,0
multi_ward,8,20261811,17,5,10,0
multi_ward,8,20261811,18,5,10,0
multi_ward,8,20261811,19,0,10,0
multi_ward,8,20261811,20,0,10,0
multi_ward,8,20261811,21,2,10,0
multi_ward,8,20261811,22,0,10,0
multi_ward,8,20261811,23,5,10,0
multi_ward,8,20261811,24,4,10,0
multi_ward,8,20261811,25,5,10,0
multi_ward,8,20261811,26,3,10,0
multi_ward,8,20261811,27,4,10,0
multi_ward,8,20261811,28,1,10,0
multi_ward,8,20261811,29,2,10,0
multi_ward,8,20261811,30,1,10,0
multi_ward,8,20261811,31,4,10,0
multi_ward,8,20261811,32,2,10,0
multi_ward,8,20261811,33,0,10,0
multi_ward,8,20261811,34,3,10,0
multi_ward,8,20261811,35,2,10,0
multi_ward,8,20261811,36,2,10,0
multi_ward,8,20261811,37,1,10,0
multi_ward,8,20261811,38,5,10,0
multi_ward,8,20261811,39,1,10,0
multi_ward,8,20261811,40,4,10,0
multi_ward,8,20261811,41,0,10,0
multi_ward,8,20261811,42,0,10,0
multi_ward,8,20261811,43,2,10,0
multi_ward,8,20261811,44,5,10,0
multi_ward,8,20261811,45,0,10,0
multi_ward,8,20261811,46,5,10,0
multi_ward,8,20261811,47,0,10,0
multi_ward,8,20261811,48,0,10,0
multi_ward,8,20261811,49,3,10,0
multi_ward,8,20261811,50,3,10,0
multi_ward,8,20261811,51,5,10,0
multi_ward,8,20261811,52,4,10,0
multi_ward,8,20261811,53,0,10,0
multi_ward,8,20261811,54,1,10,0
multi_ward,8,20261811,55,3,10,0
multi_ward,8,20261811,56,4,10,0
multi_ward,8,20261811,57,1,10,0
multi_ward,8,20261811,58,1,10,0
multi_ward,8,20261811,59,3,10,0
multi_ward,8,20261811,60,1,10,0
multi_ward,8,20261811,61,5,10,0
multi_ward,8,20261811,62,4,10,0
multi_ward,8,20261811,63,3,10,0
multi_ward,8,20261811,64,2,10,0
multi_ward,8,20261811,65,0,10,0
multi_ward,8,20261811,66,0,10,0
multi_ward,8,20261811,67,2,10,0
multi_ward,8,20261811,68,0,10,0
multi_ward,8,20261811,69,2,10,0
multi_ward,8,20261811,70,1,10,0
multi_ward,8,20261811,71,2,10,0
multi_ward,8,20261811,72,1,10,0
multi_ward,8,20261811,73,1,10,0
multi_ward,8,20261811,74,3,10,0
multi_ward,8,20261811,75,2,10,0
multi_ward,8,20261811,76,2,10,0
multi_ward,8,20261811,77,4,10,0
multi_ward,8,20261811,78,3,10,0
multi_ward,8,20261811,79,2,10,0
multi_ward,8,20261811,80,4,10,0
multi_ward,8,20261811,81,4,10,0
multi_ward,8,20261811,82,4,10,0
multi_ward,8,20261811,83,0,10,0
multi_ward,8,20261811,84,0,10,0
multi_ward,8,20261811,85,1,10,0
multi_ward,8,20261811,86,1,10,0
multi_ward,8,20261811,87,1,10,0
multi_ward,8,20261811,88,3,10,0
multi_ward,8,20261811,89,1,10,0
multi_ward,8,20261811,90,3,10,0
multi_ward,8,20261811,91,5,10,0
multi_ward,8,20261811,92,1,10,0
multi_ward,8,20261811,93,5,10,0
multi_ward,8,20261811,94,0,10,0
multi_ward,8,20261811,95,5,10,0
multi_ward,8,20261811,96,5,10,0
multi_ward,8,20261811,97,4,10,0
multi_ward,8,20261811,98,3,10,0
multi_ward,8,20261811,99,1,10,0
multi_ward,8,20261811,100,4,10,0
multi_ward,8,20261811,101,2,10,0
multi_ward,8,20261811,102,5,10,0
multi_ward,8,20261811,103,3,10,0
multi_ward,8,20261811,104,2,10,0
multi_ward,8,20261811,105,4,10,0
multi_ward,8,20261811,106,5,10,0
multi_ward,8,20261811,107,3,10,0
multi_ward,8,20261811,108,1,10,0
multi_ward,8,20261811,109,2,10,0
multi_ward,8,20261811,110,3,10,0
multi_ward,8,20261811,111,0,10,0
multi_ward,8,20261811,112,0,10,0
multi_ward,8,20261811,113,2,10,0
multi_ward,8,20261811,114,2,10,0
multi_ward,8,20261811,115,5,10,0
multi_ward,8,20261811,116,1,10,0
multi_ward,8,20261811,117,0,10,0
multi_ward,8,20261811,118,2,10,0
multi_ward,8,20261811,119,0,10,0
ward_delivery,9,20261906,0,0,10,0
ward_delivery,9,20261906,1,2,10,0
ward_delivery,9,20261906,2,2,10,0
ward_delivery,9,20261906,3,0,10,0
ward_delivery,9,20261906,4,1,10,0
ward_delivery,9,20261906,5,0,10,0
ward_delivery,9,20261906,6,2,10,0
ward_delivery,9,20261906,7,0,10,0
ward_delivery,9,20261906,8,1,10,0
ward_delivery,9,20261906,9,2,10,0
ward_delivery,9,20261906,10,0,10,0
ward_delivery,9,20261906,11,0,10,0
ward_delivery,9,20261906,12,1,10,0
ward_delivery,9,20261906,13,1,10,0
ward_delivery,9,20261906,14,0,10,0
ward_delivery,9,20261906,15,2,10,0
ward_delivery,9,20261906,16,0,10,0
ward_delivery,9,20261906,17,2,10,0
ward_delivery,9,20261906,18,2,10,0
ward_delivery,9,20261906,19,0,10,0
ward_delivery,9,20261906,20,2,10,0
ward_delivery,9,20261906,21,2,10,0
ward_delivery,9,20261906,22,0,10,0
ward_delivery,9,20261906,23,1,10,0
ward_delivery,9,20261906,24,1,10,0
ward_delivery,9,20261906,25,1,10,0
ward_delivery,9,20261906,26,2,10,0
ward_delivery,9,20261906,27,0,10,0
ward_delivery,9,20261906,28,2,10,0
ward_delivery,9,20261906,29,1,10,0
ward_delivery,9,20261906,30,0,10,0
ward_delivery,9,20261906,31,0,10,0
ward_delivery,9,20261906,32,0,10,0
ward_delivery,9,20261906,33,0,10,0
ward_delivery,9,20261906,34,2,10,0
ward_delivery,9,20261906,35,0,10,0
ward_delivery,9,20261906,36,0,10,0
ward_delivery,9,20261906,37,1,10,0
ward_delivery,9,20261906,38,1,10,0
ward_delivery,9,20261906,39,2,10,0
ward_delivery,9,20261906,40,0,10,0
ward_delivery,9,20261906,41,0,10,0
ward_delivery,9,20261906,42,0,10,0
ward_delivery,9,20261906,43,1,10,0
ward_delivery,9,20261906,44,0,10,0
ward_delivery,9,20261906,45,1,10,0
ward_delivery,9,20261906,46,2,10,0
ward_delivery,9,20261906,47,2,10,0
ward_delivery,9,20261906,48,2,10,0
ward_delivery,9,20261906,49,1,10,0
ward_delivery,9,20261906,50,1,10,0
ward_delivery,9,20261906,51,0,10,0
ward_delivery,9,20261906,52,1,10,0
ward_delivery,9,20261906,53,2,10,0
ward_delivery,9,20261906,54,0,10,0
ward_delivery,9,20261906,55,2,10,0
ward_delivery,9,20261906,56,1,10,0
ward_delivery,9,20261906,57,0,10,0
ward_delivery,9,20261906,58,1,10,0
ward_delivery,9,20261906,59,0,10,0
ward_delivery,9,20261906,60,1,10,0
ward_delivery,9,20261906,61,2,10,0
ward_delivery,9,20261906,62,0,10,0
ward_delivery,9,20261906,63,2,10,0
ward_delivery,9,20261906,64,2,10,0
ward_delivery,9,20261906,65,1,10,0
ward_delivery,9,20261906,66,2,10,0
ward_delivery,9,20261906,67,1,10,0
ward_delivery,9,20261906,68,1,10,0
ward_delivery,9,20261906,69,1,10,0
ward_delivery,9,20261906,70,0,10,0
ward_delivery,9,20261906,71,2,10,0
ward_delivery,9,20261906,72,2,10,0
ward_delivery,9,20261906,73,2,10,0
ward_delivery,9,20261906,74,0,10,0
ward_delivery,9,20261906,75,2,10,0
ward_delivery,9,20261906,76,2,10,0
ward_delivery,9,20261906,77,1,10,0
ward_delivery,9,20261906,78,0,10,0
ward_delivery,9,20261906,79,2,10,0
ward_delivery,9,20261906,80,1,10,0
ward_delivery,9,20261906,81,1,10,0
ward_delivery,9,20261906,82,1,10,0
ward_delivery,9,20261906,83,1,10,0
ward_delivery,9,20261906,84,1,10,0
ward_delivery,9,20261906,85,1,10,0
ward_delivery,9,20261906,86,2,10,0
ward_delivery,9,20261906,87,2,10,0
ward_delivery,9,20261906,88,0,10,0
ward_delivery,9,20261906,89,1,10,0
ward_delivery,9,20261906,90,2,10,0
ward_delivery,9,20261906,91,2,10,0
ward_delivery,9,20261906,92,0,10,0
ward_delivery,9,20261906,93,1,10,0
ward_delivery,9,20261906,94,2,10,0
ward_delivery,9,20261906,95,0,10,0
ward_delivery,9,20261906,96,0,10,0
ward_delivery,9,20261906,97,2,10,0
ward_delivery,9,20261906,98,0,10,0
ward_delivery,9,20261906,99,0,10,0
ward_delivery,9,20261906,100,1,10,0
ward_delivery,9,20261906,101,1,10,0
ward_delivery,9,20261906,102,2,10,0
ward_delivery,9,20261906,103,0,10,0
ward_delivery,9,20261906,104,0,10,0
ward_delivery,9,20261906,105,1,10,0
ward_delivery,9,20261906,106,0,10,0
ward_delivery,9,20261906,107,1,10,0
ward_delivery,9,20261906,108,2,10,0
ward_delivery,9,20261906,109,2,10,0
ward_delivery,9,20261906,110,1,10,0
ward_delivery,9,20261906,111,1,10,0
ward_delivery,9,20261906,112,2,10,0
ward_delivery,9,20261906,113,1,10,0
ward_delivery,9,20261906,114,1,10,0
ward_delivery,9,20261906,115,1,10,0
ward_delivery,9,20261906,116,2,10,0
ward_delivery,9,20261906,117,2,10,0
ward_delivery,9,20261906,118,0,10,0
ward_delivery,9,20261906,119,0,10,0
pharmacy_hotspot,9,20261907,0,0,10,0
pharmacy_hotspot,9,20261907,1,0,10,0
pharmacy_hotspot,9,20261907,2,0,10,0
pharmacy_hotspot,9,20261907,3,1,10,0
pharmacy_hotspot,9,20261907,4,0,10,0
pharmacy_hotspot,9,20261907,5,0,10,0
pharmacy_hotspot,9,20261907,6,0,10,0
pharmacy_hotspot,9,20261907,7,0,10,0
pharmacy_hotspot,9,20261907,8,2,10,0
pharmacy_hotspot,9,20261907,9,0,10,0
pharmacy_hotspot,9,20261907,10,0,10,0
pharmacy_hotspot,9,20261907,11,0,10,0
pharmacy_hotspot,9,20261907,12,0,10,0
pharmacy_hotspot,9,20261907,13,0,10,0
pharmacy_hotspot,9,20261907,14,0,10,0
pharmacy_hotspot,9,20261907,15,0,10,0
pharmacy_hotspot,9,20261907,16,0,10,0
pharmacy_hotspot,9,20261907,17,0,10,0
pharmacy_hotspot,9,20261907,18,0,10,0
pharmacy_hotspot,9,20261907,19,0,10,0
pharmacy_hotspot,9,20261907,20,1,10,0
pharmacy_hotspot,9,20261907,21,1,10,0
pharmacy_hotspot,9,20261907,22,0,10,0
pharmacy_hotspot,9,20261907,23,2,10,0
pharmacy_hotspot,9,20261907,24,0,10,0
pharmacy_hotspot,9,20261907,25,0,10,0
pharmacy_hotspot,9,20261907,26,0,10,0
pharmacy_hotspot,9,20261907,27,0,10,0
pharmacy_hotspot,9,20261907,28,0,10,0
pharmacy_hotspot,9,20261907,29,0,10,0
pharmacy_hotspot,9,20261907,30,0,10,0
pharmacy_hotspot,9,20261907,31,0,10,0
pharmacy_hotspot,9,20261907,32,0,10,0
pharmacy_hotspot,9,20261907,33,0,10,0
pharmacy_hotspot,9,20261907,34,0,10,0
pharmacy_hotspot,9,20261907,35,0,10,0
pharmacy_hotspot,9,20261907,36,0,10,0
pharmacy_hotspot,9,20261907,37,0,10,0
pharmacy_hotspot,9,20261907,38,0,10,0
pharmacy_hotspot,9,20261907,39,1,10,0
pharmacy_hotspot,9,20261907,40,0,10,0
pharmacy_hotspot,9,20261907,41,0,10,0
pharmacy_hotspot,9,20261907,42,0,10,0
pharmacy_hotspot,9,20261907,43,0,10,0
pharmacy_hotspot,9,20261907,44,2,10,0
pharmacy_hotspot,9,20261907,45,0,10,0
pharmacy_hotspot,9,20261907,46,0,10,0
pharmacy_hotspot,9,20261907,47,0,10,0
pharmacy_hotspot,9,20261907,48,1,10,0
pharmacy_hotspot,9,20261907,49,0,10,0
pharmacy_hotspot,9,20261907,50,0,10,0
pharmacy_hotspot,9,20261907,51,0,10,0
pharmacy_hotspot,9,20261907,52,0,10,0
pharmacy_hotspot,9,20261907,53,0,10,0
pharmacy_hotspot,9,20261907,54,0,10,0
pharmacy_hotspot,9,20261907,55,0,10,0
pharmacy_hotspot,9,20261907,56,0,10,0
pharmacy_hotspot,9,20261907,57,0,10,0
pharmacy_hotspot,9,20261907,58,0,10,0
pharmacy_hotspot,9,20261907,59,0,10,0
pharmacy_hotspot,9,20261907,60,0,10,0
pharmacy_hotspot,9,20261907,61,0,10,0
pharmacy_hotspot,9,20261907,62,0,10,0
pharmacy_hotspot,9,20261907,63,0,10,0
pharmacy_hotspot,9,20261907,64,0,10,0
pharmacy_hotspot,9,20261907,65,0,10,0
pharmacy_hotspot,9,20261907,66,0,10,0
pharmacy_hotspot,9,20261907,67,2,10,0
pharmacy_hotspot,9,20261907,68,0,10,0
pharmacy_hotspot,9,20261907,69,1,10,0
pharmacy_hotspot,9,20261907,70,0,10,0
pharmacy_hotspot,9,20261907,71,0,10,0
pharmacy_hotspot,9,20261907,72,0,10,0
pharmacy_hotspot,9,20261907,73,0,10,0
pharmacy_hotspot,9,20261907,74,0,10,0
pharmacy_hotspot,9,20261907,75,2,10,0
pharmacy_hotspot,9,20261907,76,1,10,0
pharmacy_hotspot,9,20261907,77,1,10,0
pharmacy_hotspot,9,20261907,78,2,10,0
pharmacy_hotspot,9,20261907,79,2,10,0
pharmacy_hotspot,9,20261907,80,2,10,0
pharmacy_hotspot,9,20261907,81,0,10,0
pharmacy_hotspot,9,20261907,82,0,10,0
pharmacy_hotspot,9,20261907,83,0,10,0
pharmacy_hotspot,9,20261907,84,0,10,0
pharmacy_hotspot,9,20261907,85,0,10,0
pharmacy_hotspot,9,20261907,86,0,10,0
pharmacy_hotspot,9,20261907,87,0,10,0
pharmacy_hotspot,9,20261907,88,0,10,0
pharmacy_hotspot,9,20261907,89,0,10,0
pharmacy_hotspot,9,20261907,90,0,10,0
pharmacy_hotspot,9,20261907,91,1,10,0
pharmacy_hotspot,9,20261907,92,0,10,0
pharmacy_hotspot,9,20261907,93,0,10,0
pharmacy_hotspot,9,20261907,94,0,10,0
pharmacy_hotspot,9,20261907,95,0,10,0
pharmacy_hotspot,9,20261907,96,0,10,0
pharmacy_hotspot,9,20261907,97,2,10,0
pharmacy_hotspot,9,20261907,98,0,10,0
pharmacy_hotspot,9,20261907,99,2,10,0
pharmacy_hotspot,9,20261907,100,0,10,0
pharmacy_hotspot,9,20261907,101,2,10,0
pharmacy_hotspot,9,20261907,102,0,10,0
pharmacy_hotspot,9,20261907,103,1,10,0
pharmacy_hotspot,9,20261907,104,0,10,0
pharmacy_hotspot,9,20261907,105,1,10,0
pharmacy_hotspot,9,20261907,106,0,10,0
pharmacy_hotspot,9,20261907,107,0,10,0
pharmacy_hotspot,9,20261907,108,1,10,0
pharmacy_hotspot,9,20261907,109,0,10,0
pharmacy_hotspot,9,20261907,110,0,10,0
pharmacy_hotspot,9,20261907,111,0,10,0
pharmacy_hotspot,9,20261907,112,0,10,0
pharmacy_hotspot,9,20261907,113,0,10,0
pharmacy_hotspot,9,20261907,114,0,10,0
pharmacy_hotspot,9,20261907,115,0,10,0
pharmacy_hotspot,9,20261907,116,2,10,0
pharmacy_hotspot,9,20261907,117,0,10,0
pharmacy_hotspot,9,20261907,118,0,10,0
pharmacy_hotspot,9,20261907,119,0,10,0
mixed_services,9,20261908,0,2,40,0
mixed_services,9,20261908,1,1,40,0
mixed_services,9,20261908,2,0,10,0
mixed_services,9,20261908,3,0,5,0
mixed_services,9,20261908,4,0,5,0
mixed_services,9,20261908,5,2,5,0
mixed_services,9,20261908,6,1,5,0
mixed_services,9,20261908,7,0,5,0
mixed_services,9,20261908,8,1,10,0
mixed_services,9,20261908,9,0,40,0
mixed_services,9,20261908,10,0,40,0
mixed_services,9,20261908,11,2,40,0
mixed_services,9,20261908,12,2,40,0
mixed_services,9,20261908,13,2,10,0
mixed_services,9,20261908,14,1,10,0
mixed_services,9,20261908,15,1,10,0
mixed_services,9,20261908,16,2,40,0
mixed_services,9,20261908,17,2,10,0
mixed_services,9,20261908,18,1,5,0
mixed_services,9,20261908,19,1,10,0
mixed_services,9,20261908,20,1,40,0
mixed_services,9,20261908,21,2,5,0
mixed_services,9,20261908,22,2,5,0
mixed_services,9,20261908,23,1,10,0
mixed_services,9,20261908,24,2,10,0
mixed_services,9,20261908,25,2,5,0
mixed_services,9,20261908,26,0,40,0
mixed_services,9,20261908,27,0,40,0
mixed_services,9,20261908,28,0,10,0
mixed_services,9,20261908,29,2,5,0
mixed_services,9,20261908,30,1,5,0
mixed_services,9,20261908,31,0,10,0
mixed_services,9,20261908,32,2,10,0
mixed_services,9,20261908,33,2,5,0
mixed_services,9,20261908,34,0,10,0
mixed_services,9,20261908,35,1,10,0
mixed_services,9,20261908,36,2,10,0
mixed_services,9,20261908,37,2,40,0
mixed_services,9,20261908,38,0,10,0
mixed_services,9,20261908,39,1,10,0
mixed_services,9,20261908,40,0,40,0
mixed_services,9,20261908,41,0,5,0
mixed_services,9,20261908,42,1,5,0
mixed_services,9,20261908,43,1,40,0
mixed_services,9,20261908,44,2,10,0
mixed_services,9,20261908,45,1,40,0
mixed_services,9,20261908,46,1,10,0
mixed_services,9,20261908,47,2,40,0
mixed_services,9,20261908,48,0,5,0
mixed_services,9,20261908,49,0,40,0
mixed_services,9,20261908,50,0,10,0
mixed_services,9,20261908,51,1,40,0
mixed_services,9,20261908,52,0,40,0
mixed_services,9,20261908,53,2,5,0
mixed_services,9,20261908,54,1,40,0
mixed_services,9,20261908,55,0,10,0
mixed_services,9,20261908,56,0,40,0
mixed_services,9,20261908,57,0,5,0
mixed_services,9,20261908,58,1,5,0
mixed_services,9,20261908,59,0,40,0
mixed_services,9,20261908,60,0,5,0
mixed_services,9,20261908,61,1,5,0
mixed_services,9,20261908,62,1,10,0
mixed_services,9,20261908,63,2,5,0
mixed_services,9,20261908,64,0,5,0
mixed_services,9,20261908,65,0,5,0
mixed_services,9,20261908,66,1,40,0
mixed_services,9,20261908,67,0,10,0
mixed_services,9,20261908,68,1,5,0
mixed_services,9,20261908,69,2,40,0
mixed_services,9,20261908,70,2,5,0
mixed_services,9,20261908,71,2,40,0
mixed_services,9,20261908,72,1,5,0
mixed_services,9,20261908,73,0,40,0
mixed_services,9,20261908,74,2,40,0
mixed_services,9,20261908,75,1,40,0
mixed_services,9,20261908,76,1,5,0
mixed_services,9,20261908,77,2,40,0
mixed_services,9,20261908,78,2,10,0
mixed_services,9,20261908,79,1,5,0
mixed_services,9,20261908,80,2,10,0
mixed_services,9,20261908,81,0,40,0
mixed_services,9,20261908,82,2,10,0
mixed_services,9,20261908,83,1,40,0
mixed_services,9,20261908,84,1,40,0
mixed_services,9,20261908,85,0,5,0
mixed_services,9,20261908,86,2,5,0
mixed_services,9,20261908,87,2,5,0
mixed_services,9,20261908,88,0,5,0
mixed_services,9,20261908,89,2,10,0
mixed_services,9,20261908,90,1,40,0
mixed_services,9,20261908,91,1,10,0
mixed_services,9,20261908,92,0,5,0
mixed_services,9,20261908,93,1,5,0
mixed_services,9,20261908,94,0,10,0
mixed_services,9,20261908,95,0,10,0
mixed_services,9,20261908,96,2,10,0
mixed_services,9,20261908,97,0,10,0
mixed_services,9,20261908,98,2,10,0
mixed_services,9,20261908,99,1,5,0
mixed_services,9,20261908,100,0,40,0
mixed_services,9,20261908,101,0,5,0
mixed_services,9,20261908,102,0,40,0
mixed_services,9,20261908,103,1,40,0
mixed_services,9,20261908,104,2,5,0
mixed_services,9,20261908,105,2,5,0
mixed_services,9,20261908,106,1,5,0
mixed_services,9,20261908,107,2,40,0
mixed_services,9,20261908,108,2,5,0
mixed_services,9,20261908,109,1,10,0
mixed_services,9,20261908,110,1,40,0
mixed_services,9,20261908,111,2,10,0
mixed_services,9,20261908,112,1,5,0
mixed_services,9,20261908,113,2,40,0
mixed_services,9,20261908,114,2,40,0
mixed_services,9,20261908,115,1,10,0
mixed_services,9,20261908,116,0,10,0
mixed_services,9,20261908,117,1,10,0
mixed_services,9,20261908,118,0,10,0
mixed_services,9,20261908,119,0,5,0
clustered_rounds,9,20261909,0,0,10,0
clustered_rounds,9,20261909,1,0,10,0
clustered_rounds,9,20261909,2,0,10,0
clustered_rounds,9,20261909,3,0,10,0
clustered_rounds,9,20261909,4,0,10,0
clustered_rounds,9,20261909,5,0,10,0
clustered_rounds,9,20261909,6,0,10,0
clustered_rounds,9,20261909,7,0,10,0
clustered_rounds,9,20261909,8,0,10,0
clustered_rounds,9,20261909,9,0,10,0
clustered_rounds,9,20261909,10,0,10,0
clustered_rounds,9,20261909,11,0,10,0
clustered_rounds,9,20261909,12,0,10,0
clustered_rounds,9,20261909,13,0,10,0
clustered_rounds,9,20261909,14,0,10,0
clustered_rounds,9,20261909,15,0,10,0
clustered_rounds,9,20261909,16,0,10,0
clustered_rounds,9,20261909,17,0,10,0
clustered_rounds,9,20261909,18,0,10,0
clustered_rounds,9,20261909,19,0,10,0
clustered_rounds,9,20261909,20,0,10,0
clustered_rounds,9,20261909,21,0,10,0
clustered_rounds,9,20261909,22,0,10,0
clustered_rounds,9,20261909,23,0,10,0
clustered_rounds,9,20261909,24,0,10,0
clustered_rounds,9,20261909,25,0,10,0
clustered_rounds,9,20261909,26,0,10,0
clustered_rounds,9,20261909,27,0,10,0
clustered_rounds,9,20261909,28,0,10,0
clustered_rounds,9,20261909,29,0,10,0
clustered_rounds,9,20261909,30,0,10,0
clustered_rounds,9,20261909,31,0,10,0
clustered_rounds,9,20261909,32,0,10,0
clustered_rounds,9,20261909,33,0,10,0
clustered_rounds,9,20261909,34,0,10,0
clustered_rounds,9,20261909,35,0,10,0
clustered_rounds,9,20261909,36,0,10,0
clustered_rounds,9,20261909,37,0,10,0
clustered_rounds,9,20261909,38,0,10,0
clustered_rounds,9,20261909,39,0,10,0
clustered_rounds,9,20261909,40,1,10,0
clustered_rounds,9,20261909,41,1,10,0
clustered_rounds,9,20261909,42,1,10,0
clustered_rounds,9,20261909,43,1,10,0
clustered_rounds,9,20261909,44,1,10,0
clustered_rounds,9,20261909,45,1,10,0
clustered_rounds,9,20261909,46,1,10,0
clustered_rounds,9,20261909,47,1,10,0
clustered_rounds,9,20261909,48,1,10,0
clustered_rounds,9,20261909,49,1,10,0
clustered_rounds,9,20261909,50,1,10,0
clustered_rounds,9,20261909,51,1,10,0
clustered_rounds,9,20261909,52,1,10,0
clustered_rounds,9,20261909,53,1,10,0
clustered_rounds,9,20261909,54,1,10,0
clustered_rounds,9,20261909,55,1,10,0
clustered_rounds,9,20261909,56,1,10,0
clustered_rounds,9,20261909,57,1,10,0
clustered_rounds,9,20261909,58,1,10,0
clustered_rounds,9,20261909,59,1,10,0
clustered_rounds,9,20261909,60,1,10,0
clustered_rounds,9,20261909,61,1,10,0
clustered_rounds,9,20261909,62,1,10,0
clustered_rounds,9,20261909,63,1,10,0
clustered_rounds,9,20261909,64,1,10,0
clustered_rounds,9,20261909,65,1,10,0
clustered_rounds,9,20261909,66,1,10,0
clustered_rounds,9,20261909,67,1,10,0
clustered_rounds,9,20261909,68,1,10,0
clustered_rounds,9,20261909,69,1,10,0
clustered_rounds,9,20261909,70,1,10,0
clustered_rounds,9,20261909,71,1,10,0
clustered_rounds,9,20261909,72,1,10,0
clustered_rounds,9,20261909,73,1,10,0
clustered_rounds,9,20261909,74,1,10,0
clustered_rounds,9,20261909,75,1,10,0
clustered_rounds,9,20261909,76,1,10,0
clustered_rounds,9,20261909,77,1,10,0
clustered_rounds,9,20261909,78,1,10,0
clustered_rounds,9,20261909,79,1,10,0
clustered_rounds,9,20261909,80,2,10,0
clustered_rounds,9,20261909,81,2,10,0
clustered_rounds,9,20261909,82,2,10,0
clustered_rounds,9,20261909,83,2,10,0
clustered_rounds,9,20261909,84,2,10,0
clustered_rounds,9,20261909,85,2,10,0
clustered_rounds,9,20261909,86,2,10,0
clustered_rounds,9,20261909,87,2,10,0
clustered_rounds,9,20261909,88,2,10,0
clustered_rounds,9,20261909,89,2,10,0
clustered_rounds,9,20261909,90,2,10,0
clustered_rounds,9,20261909,91,2,10,0
clustered_rounds,9,20261909,92,2,10,0
clustered_rounds,9,20261909,93,2,10,0
clustered_rounds,9,20261909,94,2,10,0
clustered_rounds,9,20261909,95,2,10,0
clustered_rounds,9,20261909,96,2,10,0
clustered_rounds,9,20261909,97,2,10,0
clustered_rounds,9,20261909,98,2,10,0
clustered_rounds,9,20261909,99,2,10,0
clustered_rounds,9,20261909,100,2,10,0
clustered_rounds,9,20261909,101,2,10,0
clustered_rounds,9,20261909,102,2,10,0
clustered_rounds,9,20261909,103,2,10,0
clustered_rounds,9,20261909,104,2,10,0
clustered_rounds,9,20261909,105,2,10,0
clustered_rounds,9,20261909,106,2,10,0
clustered_rounds,9,20261909,107,2,10,0
clustered_rounds,9,20261909,108,2,10,0
clustered_rounds,9,20261909,109,2,10,0
clustered_rounds,9,20261909,110,2,10,0
clustered_rounds,9,20261909,111,2,10,0
clustered_rounds,9,20261909,112,2,10,0
clustered_rounds,9,20261909,113,2,10,0
clustered_rounds,9,20261909,114,2,10,0
clustered_rounds,9,20261909,115,2,10,0
clustered_rounds,9,20261909,116,2,10,0
clustered_rounds,9,20261909,117,2,10,0
clustered_rounds,9,20261909,118,2,10,0
clustered_rounds,9,20261909,119,2,10,0
burst_requests,9,20261910,0,0,10,0
burst_requests,9,20261910,1,2,10,0
burst_requests,9,20261910,2,1,10,0
burst_requests,9,20261910,3,2,10,0
burst_requests,9,20261910,4,2,10,0
burst_requests,9,20261910,5,1,10,0
burst_requests,9,20261910,6,0,10,0
burst_requests,9,20261910,7,2,10,0
burst_requests,9,20261910,8,1,10,0
burst_requests,9,20261910,9,1,10,0
burst_requests,9,20261910,10,2,10,0
burst_requests,9,20261910,11,2,10,0
burst_requests,9,20261910,12,0,10,0
burst_requests,9,20261910,13,0,10,0
burst_requests,9,20261910,14,2,10,0
burst_requests,9,20261910,15,2,10,0
burst_requests,9,20261910,16,0,10,0
burst_requests,9,20261910,17,0,10,0
burst_requests,9,20261910,18,2,10,0
burst_requests,9,20261910,19,0,10,0
burst_requests,9,20261910,20,0,10,0
burst_requests,9,20261910,21,2,10,0
burst_requests,9,20261910,22,1,10,0
burst_requests,9,20261910,23,1,10,0
burst_requests,9,20261910,24,1,10,0
burst_requests,9,20261910,25,2,10,0
burst_requests,9,20261910,26,2,10,0
burst_requests,9,20261910,27,1,10,0
burst_requests,9,20261910,28,1,10,0
burst_requests,9,20261910,29,2,10,0
burst_requests,9,20261910,30,1,10,0
burst_requests,9,20261910,31,0,10,0
burst_requests,9,20261910,32,1,10,0
burst_requests,9,20261910,33,2,10,0
burst_requests,9,20261910,34,2,10,0
burst_requests,9,20261910,35,0,10,0
burst_requests,9,20261910,36,2,10,0
burst_requests,9,20261910,37,1,10,0
burst_requests,9,20261910,38,0,10,0
burst_requests,9,20261910,39,0,10,0
burst_requests,9,20261910,40,2,10,200
burst_requests,9,20261910,41,2,10,200
burst_requests,9,20261910,42,1,10,200
burst_requests,9,20261910,43,1,10,200
burst_requests,9,20261910,44,1,10,200
burst_requests,9,20261910,45,0,10,200
burst_requests,9,20261910,46,2,10,200
burst_requests,9,20261910,47,0,10,200
burst_requests,9,20261910,48,0,10,200
burst_requests,9,20261910,49,2,10,200
burst_requests,9,20261910,50,2,10,200
burst_requests,9,20261910,51,0,10,200
burst_requests,9,20261910,52,2,10,200
burst_requests,9,20261910,53,2,10,200
burst_requests,9,20261910,54,0,10,200
burst_requests,9,20261910,55,1,10,200
burst_requests,9,20261910,56,0,10,200
burst_requests,9,20261910,57,1,10,200
burst_requests,9,20261910,58,1,10,200
burst_requests,9,20261910,59,1,10,200
burst_requests,9,20261910,60,2,10,200
burst_requests,9,20261910,61,0,10,200
burst_requests,9,20261910,62,0,10,200
burst_requests,9,20261910,63,0,10,200
burst_requests,9,20261910,64,1,10,200
burst_requests,9,20261910,65,0,10,200
burst_requests,9,20261910,66,2,10,200
burst_requests,9,20261910,67,0,10,200
burst_requests,9,20261910,68,1,10,200
burst_requests,9,20261910,69,0,10,200
burst_requests,9,20261910,70,2,10,200
burst_requests,9,20261910,71,1,10,200
burst_requests,9,20261910,72,2,10,200
burst_requests,9,20261910,73,1,10,200
burst_requests,9,20261910,74,1,10,200
burst_requests,9,20261910,75,1,10,200
burst_requests,9,20261910,76,1,10,200
burst_requests,9,20261910,77,0,10,200
burst_requests,9,20261910,78,0,10,200
burst_requests,9,20261910,79,0,10,200
burst_requests,9,20261910,80,0,10,400
burst_requests,9,20261910,81,2,10,400
burst_requests,9,20261910,82,0,10,400
burst_requests,9,20261910,83,0,10,400
burst_requests,9,20261910,84,2,10,400
burst_requests,9,20261910,85,0,10,400
burst_requests,9,20261910,86,2,10,400
burst_requests,9,20261910,87,1,10,400
burst_requests,9,20261910,88,1,10,400
burst_requests,9,20261910,89,0,10,400
burst_requests,9,20261910,90,1,10,400
burst_requests,9,20261910,91,0,10,400
burst_requests,9,20261910,92,2,10,400
burst_requests,9,20261910,93,2,10,400
burst_requests,9,20261910,94,1,10,400
burst_requests,9,20261910,95,1,10,400
burst_requests,9,20261910,96,2,10,400
burst_requests,9,20261910,97,2,10,400
burst_requests,9,20261910,98,2,10,400
burst_requests,9,20261910,99,1,10,400
burst_requests,9,20261910,100,1,10,400
burst_requests,9,20261910,101,0,10,400
burst_requests,9,20261910,102,0,10,400
burst_requests,9,20261910,103,1,10,400
burst_requests,9,20261910,104,0,10,400
burst_requests,9,20261910,105,0,10,400
burst_requests,9,20261910,106,1,10,400
burst_requests,9,20261910,107,0,10,400
burst_requests,9,20261910,108,1,10,400
burst_requests,9,20261910,109,1,10,400
burst_requests,9,20261910,110,0,10,400
burst_requests,9,20261910,111,1,10,400
burst_requests,9,20261910,112,2,10,400
burst_requests,9,20261910,113,2,10,400
burst_requests,9,20261910,114,0,10,400
burst_requests,9,20261910,115,1,10,400
burst_requests,9,20261910,116,1,10,400
burst_requests,9,20261910,117,2,10,400
burst_requests,9,20261910,118,2,10,400
burst_requests,9,20261910,119,2,10,400
multi_ward,9,20261911,0,5,10,0
multi_ward,9,20261911,1,0,10,0
multi_ward,9,20261911,2,2,10,0
multi_ward,9,20261911,3,4,10,0
multi_ward,9,20261911,4,5,10,0
multi_ward,9,20261911,5,4,10,0
multi_ward,9,20261911,6,5,10,0
multi_ward,9,20261911,7,1,10,0
multi_ward,9,20261911,8,5,10,0
multi_ward,9,20261911,9,3,10,0
multi_ward,9,20261911,10,3,10,0
multi_ward,9,20261911,11,5,10,0
multi_ward,9,20261911,12,3,10,0
multi_ward,9,20261911,13,5,10,0
multi_ward,9,20261911,14,5,10,0
multi_ward,9,20261911,15,4,10,0
multi_ward,9,20261911,16,0,10,0
multi_ward,9,20261911,17,1,10,0
multi_ward,9,20261911,18,2,10,0
multi_ward,9,20261911,19,4,10,0
multi_ward,9,20261911,20,5,10,0
multi_ward,9,20261911,21,0,10,0
multi_ward,9,20261911,22,0,10,0
multi_ward,9,20261911,23,3,10,0
multi_ward,9,20261911,24,5,10,0
multi_ward,9,20261911,25,3,10,0
multi_ward,9,20261911,26,3,10,0
multi_ward,9,20261911,27,1,10,0
multi_ward,9,20261911,28,1,10,0
multi_ward,9,20261911,29,4,10,0
multi_ward,9,20261911,30,3,10,0
multi_ward,9,20261911,31,0,10,0
multi_ward,9,20261911,32,1,10,0
multi_ward,9,20261911,33,1,10,0
multi_ward,9,20261911,34,3,10,0
multi_ward,9,20261911,35,2,10,0
multi_ward,9,20261911,36,2,10,0
multi_ward,9,20261911,37,3,10,0
multi_ward,9,20261911,38,2,10,0
multi_ward,9,20261911,39,2,10,0
multi_ward,9,20261911,40,2,10,0
multi_ward,9,20261911,41,4,10,0
multi_ward,9,20261911,42,5,10,0
multi_ward,9,20261911,43,1,10,0
multi_ward,9,20261911,44,5,10,0
multi_ward,9,20261911,45,4,10,0
multi_ward,9,20261911,46,1,10,0
multi_ward,9,20261911,47,0,10,0
multi_ward,9,20261911,48,5,10,0
multi_ward,9,20261911,49,5,10,0
multi_ward,9,20261911,50,0,10,0
multi_ward,9,20261911,51,2,10,0
multi_ward,9,20261911,52,0,10,0
multi_ward,9,20261911,53,1,10,0
multi_ward,9,20261911,54,4,10,0
multi_ward,9,20261911,55,2,10,0
multi_ward,9,20261911,56,3,10,0
multi_ward,9,20261911,57,2,10,0
multi_ward,9,20261911,58,4,10,0
multi_ward,9,20261911,59,3,10,0
multi_ward,9,20261911,60,4,10,0
multi_ward,9,20261911,61,2,10,0
multi_ward,9,20261911,62,5,10,0
multi_ward,9,20261911,63,5,10,0
multi_ward,9,20261911,64,0,10,0
multi_ward,9,20261911,65,4,10,0
multi_ward,9,20261911,66,3,10,0
multi_ward,9,20261911,67,1,10,0
multi_ward,9,20261911,68,5,10,0
multi_ward,9,20261911,69,2,10,0
multi_ward,9,20261911,70,4,10,0
multi_ward,9,20261911,71,2,10,0
multi_ward,9,20261911,72,1,10,0
multi_ward,9,20261911,73,1,10,0
multi_ward,9,20261911,74,0,10,0
multi_ward,9,20261911,75,2,10,0
multi_ward,9,20261911,76,1,10,0
multi_ward,9,20261911,77,1,10,0
multi_ward,9,20261911,78,2,10,0
multi_ward,9,20261911,79,1,10,0
multi_ward,9,20261911,80,0,10,0
multi_ward,9,20261911,81,3,10,0
multi_ward,9,20261911,82,2,10,0
multi_ward,9,20261911,83,1,10,0
multi_ward,9,20261911,84,5,10,0
multi_ward,9,20261911,85,3,10,0
multi_ward,9,20261911,86,0,10,0
multi_ward,9,20261911,87,1,10,0
multi_ward,9,20261911,88,4,10,0
multi_ward,9,20261911,89,2,10,0
multi_ward,9,20261911,90,0,10,0
multi_ward,9,20261911,91,1,10,0
multi_ward,9,20261911,92,2,10,0
multi_ward,9,20261911,93,3,10,0
multi_ward,9,20261911,94,2,10,0
multi_ward,9,20261911,95,4,10,0
multi_ward,9,20261911,96,4,10,0
multi_ward,9,20261911,97,4,10,0
multi_ward,9,20261911,98,0,10,0
multi_ward,9,20261911,99,0,10,0
multi_ward,9,20261911,100,4,10,0
multi_ward,9,20261911,101,3,10,0
multi_ward,9,20261911,102,3,10,0
multi_ward,9,20261911,103,3,10,0
multi_ward,9,20261911,104,4,10,0
multi_ward,9,20261911,105,5,10,0
multi_ward,9,20261911,106,1,10,0
multi_ward,9,20261911,107,1,10,0
multi_ward,9,20261911,108,0,10,0
multi_ward,9,20261911,109,0,10,0
multi_ward,9,20261911,110,4,10,0
multi_ward,9,20261911,111,3,10,0
multi_ward,9,20261911,112,5,10,0
multi_ward,9,20261911,113,4,10,0
multi_ward,9,20261911,114,0,10,0
multi_ward,9,20261911,115,3,10,0
multi_ward,9,20261911,116,0,10,0
multi_ward,9,20261911,117,5,10,0
multi_ward,9,20261911,118,2,10,0
multi_ward,9,20261911,119,0,10,0
ward_delivery,10,20262006,0,2,10,0
ward_delivery,10,20262006,1,2,10,0
ward_delivery,10,20262006,2,1,10,0
ward_delivery,10,20262006,3,1,10,0
ward_delivery,10,20262006,4,0,10,0
ward_delivery,10,20262006,5,1,10,0
ward_delivery,10,20262006,6,2,10,0
ward_delivery,10,20262006,7,2,10,0
ward_delivery,10,20262006,8,0,10,0
ward_delivery,10,20262006,9,2,10,0
ward_delivery,10,20262006,10,1,10,0
ward_delivery,10,20262006,11,2,10,0
ward_delivery,10,20262006,12,1,10,0
ward_delivery,10,20262006,13,2,10,0
ward_delivery,10,20262006,14,1,10,0
ward_delivery,10,20262006,15,2,10,0
ward_delivery,10,20262006,16,2,10,0
ward_delivery,10,20262006,17,2,10,0
ward_delivery,10,20262006,18,2,10,0
ward_delivery,10,20262006,19,1,10,0
ward_delivery,10,20262006,20,0,10,0
ward_delivery,10,20262006,21,1,10,0
ward_delivery,10,20262006,22,2,10,0
ward_delivery,10,20262006,23,2,10,0
ward_delivery,10,20262006,24,2,10,0
ward_delivery,10,20262006,25,1,10,0
ward_delivery,10,20262006,26,2,10,0
ward_delivery,10,20262006,27,0,10,0
ward_delivery,10,20262006,28,0,10,0
ward_delivery,10,20262006,29,1,10,0
ward_delivery,10,20262006,30,2,10,0
ward_delivery,10,20262006,31,0,10,0
ward_delivery,10,20262006,32,1,10,0
ward_delivery,10,20262006,33,2,10,0
ward_delivery,10,20262006,34,1,10,0
ward_delivery,10,20262006,35,1,10,0
ward_delivery,10,20262006,36,0,10,0
ward_delivery,10,20262006,37,2,10,0
ward_delivery,10,20262006,38,2,10,0
ward_delivery,10,20262006,39,0,10,0
ward_delivery,10,20262006,40,0,10,0
ward_delivery,10,20262006,41,0,10,0
ward_delivery,10,20262006,42,2,10,0
ward_delivery,10,20262006,43,2,10,0
ward_delivery,10,20262006,44,2,10,0
ward_delivery,10,20262006,45,1,10,0
ward_delivery,10,20262006,46,0,10,0
ward_delivery,10,20262006,47,0,10,0
ward_delivery,10,20262006,48,0,10,0
ward_delivery,10,20262006,49,2,10,0
ward_delivery,10,20262006,50,1,10,0
ward_delivery,10,20262006,51,0,10,0
ward_delivery,10,20262006,52,1,10,0
ward_delivery,10,20262006,53,2,10,0
ward_delivery,10,20262006,54,1,10,0
ward_delivery,10,20262006,55,0,10,0
ward_delivery,10,20262006,56,0,10,0
ward_delivery,10,20262006,57,0,10,0
ward_delivery,10,20262006,58,0,10,0
ward_delivery,10,20262006,59,2,10,0
ward_delivery,10,20262006,60,0,10,0
ward_delivery,10,20262006,61,1,10,0
ward_delivery,10,20262006,62,2,10,0
ward_delivery,10,20262006,63,0,10,0
ward_delivery,10,20262006,64,1,10,0
ward_delivery,10,20262006,65,1,10,0
ward_delivery,10,20262006,66,2,10,0
ward_delivery,10,20262006,67,2,10,0
ward_delivery,10,20262006,68,1,10,0
ward_delivery,10,20262006,69,0,10,0
ward_delivery,10,20262006,70,1,10,0
ward_delivery,10,20262006,71,0,10,0
ward_delivery,10,20262006,72,1,10,0
ward_delivery,10,20262006,73,1,10,0
ward_delivery,10,20262006,74,0,10,0
ward_delivery,10,20262006,75,0,10,0
ward_delivery,10,20262006,76,0,10,0
ward_delivery,10,20262006,77,1,10,0
ward_delivery,10,20262006,78,0,10,0
ward_delivery,10,20262006,79,0,10,0
ward_delivery,10,20262006,80,0,10,0
ward_delivery,10,20262006,81,0,10,0
ward_delivery,10,20262006,82,0,10,0
ward_delivery,10,20262006,83,0,10,0
ward_delivery,10,20262006,84,2,10,0
ward_delivery,10,20262006,85,0,10,0
ward_delivery,10,20262006,86,1,10,0
ward_delivery,10,20262006,87,0,10,0
ward_delivery,10,20262006,88,0,10,0
ward_delivery,10,20262006,89,2,10,0
ward_delivery,10,20262006,90,1,10,0
ward_delivery,10,20262006,91,2,10,0
ward_delivery,10,20262006,92,2,10,0
ward_delivery,10,20262006,93,0,10,0
ward_delivery,10,20262006,94,0,10,0
ward_delivery,10,20262006,95,1,10,0
ward_delivery,10,20262006,96,2,10,0
ward_delivery,10,20262006,97,1,10,0
ward_delivery,10,20262006,98,1,10,0
ward_delivery,10,20262006,99,0,10,0
ward_delivery,10,20262006,100,1,10,0
ward_delivery,10,20262006,101,2,10,0
ward_delivery,10,20262006,102,0,10,0
ward_delivery,10,20262006,103,1,10,0
ward_delivery,10,20262006,104,2,10,0
ward_delivery,10,20262006,105,2,10,0
ward_delivery,10,20262006,106,1,10,0
ward_delivery,10,20262006,107,0,10,0
ward_delivery,10,20262006,108,1,10,0
ward_delivery,10,20262006,109,2,10,0
ward_delivery,10,20262006,110,0,10,0
ward_delivery,10,20262006,111,1,10,0
ward_delivery,10,20262006,112,1,10,0
ward_delivery,10,20262006,113,2,10,0
ward_delivery,10,20262006,114,2,10,0
ward_delivery,10,20262006,115,1,10,0
ward_delivery,10,20262006,116,1,10,0
ward_delivery,10,20262006,117,2,10,0
ward_delivery,10,20262006,118,1,10,0
ward_delivery,10,20262006,119,1,10,0
pharmacy_hotspot,10,20262007,0,0,10,0
pharmacy_hotspot,10,20262007,1,0,10,0
pharmacy_hotspot,10,20262007,2,0,10,0
pharmacy_hotspot,10,20262007,3,1,10,0
pharmacy_hotspot,10,20262007,4,0,10,0
pharmacy_hotspot,10,20262007,5,2,10,0
pharmacy_hotspot,10,20262007,6,2,10,0
pharmacy_hotspot,10,20262007,7,0,10,0
pharmacy_hotspot,10,20262007,8,0,10,0
pharmacy_hotspot,10,20262007,9,0,10,0
pharmacy_hotspot,10,20262007,10,0,10,0
pharmacy_hotspot,10,20262007,11,0,10,0
pharmacy_hotspot,10,20262007,12,0,10,0
pharmacy_hotspot,10,20262007,13,0,10,0
pharmacy_hotspot,10,20262007,14,0,10,0
pharmacy_hotspot,10,20262007,15,0,10,0
pharmacy_hotspot,10,20262007,16,2,10,0
pharmacy_hotspot,10,20262007,17,0,10,0
pharmacy_hotspot,10,20262007,18,0,10,0
pharmacy_hotspot,10,20262007,19,1,10,0
pharmacy_hotspot,10,20262007,20,0,10,0
pharmacy_hotspot,10,20262007,21,0,10,0
pharmacy_hotspot,10,20262007,22,0,10,0
pharmacy_hotspot,10,20262007,23,0,10,0
pharmacy_hotspot,10,20262007,24,0,10,0
pharmacy_hotspot,10,20262007,25,0,10,0
pharmacy_hotspot,10,20262007,26,0,10,0
pharmacy_hotspot,10,20262007,27,1,10,0
pharmacy_hotspot,10,20262007,28,0,10,0
pharmacy_hotspot,10,20262007,29,0,10,0
pharmacy_hotspot,10,20262007,30,0,10,0
pharmacy_hotspot,10,20262007,31,0,10,0
pharmacy_hotspot,10,20262007,32,0,10,0
pharmacy_hotspot,10,20262007,33,0,10,0
pharmacy_hotspot,10,20262007,34,0,10,0
pharmacy_hotspot,10,20262007,35,0,10,0
pharmacy_hotspot,10,20262007,36,0,10,0
pharmacy_hotspot,10,20262007,37,0,10,0
pharmacy_hotspot,10,20262007,38,0,10,0
pharmacy_hotspot,10,20262007,39,1,10,0
pharmacy_hotspot,10,20262007,40,0,10,0
pharmacy_hotspot,10,20262007,41,0,10,0
pharmacy_hotspot,10,20262007,42,0,10,0
pharmacy_hotspot,10,20262007,43,0,10,0
pharmacy_hotspot,10,20262007,44,0,10,0
pharmacy_hotspot,10,20262007,45,2,10,0
pharmacy_hotspot,10,20262007,46,0,10,0
pharmacy_hotspot,10,20262007,47,1,10,0
pharmacy_hotspot,10,20262007,48,0,10,0
pharmacy_hotspot,10,20262007,49,2,10,0
pharmacy_hotspot,10,20262007,50,0,10,0
pharmacy_hotspot,10,20262007,51,0,10,0
pharmacy_hotspot,10,20262007,52,0,10,0
pharmacy_hotspot,10,20262007,53,0,10,0
pharmacy_hotspot,10,20262007,54,2,10,0
pharmacy_hotspot,10,20262007,55,1,10,0
pharmacy_hotspot,10,20262007,56,0,10,0
pharmacy_hotspot,10,20262007,57,0,10,0
pharmacy_hotspot,10,20262007,58,0,10,0
pharmacy_hotspot,10,20262007,59,0,10,0
pharmacy_hotspot,10,20262007,60,0,10,0
pharmacy_hotspot,10,20262007,61,0,10,0
pharmacy_hotspot,10,20262007,62,0,10,0
pharmacy_hotspot,10,20262007,63,0,10,0
pharmacy_hotspot,10,20262007,64,0,10,0
pharmacy_hotspot,10,20262007,65,0,10,0
pharmacy_hotspot,10,20262007,66,0,10,0
pharmacy_hotspot,10,20262007,67,0,10,0
pharmacy_hotspot,10,20262007,68,0,10,0
pharmacy_hotspot,10,20262007,69,0,10,0
pharmacy_hotspot,10,20262007,70,0,10,0
pharmacy_hotspot,10,20262007,71,0,10,0
pharmacy_hotspot,10,20262007,72,0,10,0
pharmacy_hotspot,10,20262007,73,0,10,0
pharmacy_hotspot,10,20262007,74,0,10,0
pharmacy_hotspot,10,20262007,75,0,10,0
pharmacy_hotspot,10,20262007,76,0,10,0
pharmacy_hotspot,10,20262007,77,0,10,0
pharmacy_hotspot,10,20262007,78,0,10,0
pharmacy_hotspot,10,20262007,79,0,10,0
pharmacy_hotspot,10,20262007,80,1,10,0
pharmacy_hotspot,10,20262007,81,2,10,0
pharmacy_hotspot,10,20262007,82,0,10,0
pharmacy_hotspot,10,20262007,83,0,10,0
pharmacy_hotspot,10,20262007,84,0,10,0
pharmacy_hotspot,10,20262007,85,0,10,0
pharmacy_hotspot,10,20262007,86,0,10,0
pharmacy_hotspot,10,20262007,87,0,10,0
pharmacy_hotspot,10,20262007,88,0,10,0
pharmacy_hotspot,10,20262007,89,2,10,0
pharmacy_hotspot,10,20262007,90,0,10,0
pharmacy_hotspot,10,20262007,91,0,10,0
pharmacy_hotspot,10,20262007,92,0,10,0
pharmacy_hotspot,10,20262007,93,0,10,0
pharmacy_hotspot,10,20262007,94,0,10,0
pharmacy_hotspot,10,20262007,95,0,10,0
pharmacy_hotspot,10,20262007,96,1,10,0
pharmacy_hotspot,10,20262007,97,0,10,0
pharmacy_hotspot,10,20262007,98,0,10,0
pharmacy_hotspot,10,20262007,99,0,10,0
pharmacy_hotspot,10,20262007,100,0,10,0
pharmacy_hotspot,10,20262007,101,2,10,0
pharmacy_hotspot,10,20262007,102,1,10,0
pharmacy_hotspot,10,20262007,103,1,10,0
pharmacy_hotspot,10,20262007,104,0,10,0
pharmacy_hotspot,10,20262007,105,0,10,0
pharmacy_hotspot,10,20262007,106,0,10,0
pharmacy_hotspot,10,20262007,107,2,10,0
pharmacy_hotspot,10,20262007,108,0,10,0
pharmacy_hotspot,10,20262007,109,1,10,0
pharmacy_hotspot,10,20262007,110,2,10,0
pharmacy_hotspot,10,20262007,111,0,10,0
pharmacy_hotspot,10,20262007,112,0,10,0
pharmacy_hotspot,10,20262007,113,0,10,0
pharmacy_hotspot,10,20262007,114,2,10,0
pharmacy_hotspot,10,20262007,115,0,10,0
pharmacy_hotspot,10,20262007,116,0,10,0
pharmacy_hotspot,10,20262007,117,0,10,0
pharmacy_hotspot,10,20262007,118,0,10,0
pharmacy_hotspot,10,20262007,119,1,10,0
mixed_services,10,20262008,0,2,40,0
mixed_services,10,20262008,1,0,5,0
mixed_services,10,20262008,2,1,40,0
mixed_services,10,20262008,3,2,5,0
mixed_services,10,20262008,4,1,10,0
mixed_services,10,20262008,5,0,10,0
mixed_services,10,20262008,6,0,10,0
mixed_services,10,20262008,7,0,40,0
mixed_services,10,20262008,8,0,5,0
mixed_services,10,20262008,9,0,5,0
mixed_services,10,20262008,10,2,40,0
mixed_services,10,20262008,11,0,10,0
mixed_services,10,20262008,12,0,5,0
mixed_services,10,20262008,13,2,5,0
mixed_services,10,20262008,14,0,5,0
mixed_services,10,20262008,15,2,10,0
mixed_services,10,20262008,16,0,10,0
mixed_services,10,20262008,17,2,10,0
mixed_services,10,20262008,18,1,10,0
mixed_services,10,20262008,19,1,10,0
mixed_services,10,20262008,20,0,10,0
mixed_services,10,20262008,21,1,10,0
mixed_services,10,20262008,22,2,5,0
mixed_services,10,20262008,23,0,40,0
mixed_services,10,20262008,24,1,5,0
mixed_services,10,20262008,25,0,5,0
mixed_services,10,20262008,26,0,40,0
mixed_services,10,20262008,27,0,10,0
mixed_services,10,20262008,28,1,5,0
mixed_services,10,20262008,29,2,10,0
mixed_services,10,20262008,30,2,10,0
mixed_services,10,20262008,31,0,5,0
mixed_services,10,20262008,32,1,40,0
mixed_services,10,20262008,33,1,10,0
mixed_services,10,20262008,34,1,5,0
mixed_services,10,20262008,35,0,5,0
mixed_services,10,20262008,36,2,5,0
mixed_services,10,20262008,37,2,5,0
mixed_services,10,20262008,38,1,40,0
mixed_services,10,20262008,39,1,5,0
mixed_services,10,20262008,40,2,5,0
mixed_services,10,20262008,41,0,10,0
mixed_services,10,20262008,42,0,5,0
mixed_services,10,20262008,43,2,40,0
mixed_services,10,20262008,44,2,5,0
mixed_services,10,20262008,45,2,10,0
mixed_services,10,20262008,46,2,40,0
mixed_services,10,20262008,47,0,10,0
mixed_services,10,20262008,48,2,5,0
mixed_services,10,20262008,49,0,40,0
mixed_services,10,20262008,50,2,5,0
mixed_services,10,20262008,51,1,5,0
mixed_services,10,20262008,52,1,5,0
mixed_services,10,20262008,53,0,40,0
mixed_services,10,20262008,54,0,5,0
mixed_services,10,20262008,55,2,5,0
mixed_services,10,20262008,56,1,10,0
mixed_services,10,20262008,57,0,40,0
mixed_services,10,20262008,58,1,5,0
mixed_services,10,20262008,59,1,40,0
mixed_services,10,20262008,60,0,5,0
mixed_services,10,20262008,61,1,10,0
mixed_services,10,20262008,62,1,5,0
mixed_services,10,20262008,63,2,40,0
mixed_services,10,20262008,64,1,5,0
mixed_services,10,20262008,65,1,40,0
mixed_services,10,20262008,66,0,10,0
mixed_services,10,20262008,67,1,5,0
mixed_services,10,20262008,68,2,10,0
mixed_services,10,20262008,69,2,10,0
mixed_services,10,20262008,70,2,40,0
mixed_services,10,20262008,71,1,40,0
mixed_services,10,20262008,72,0,40,0
mixed_services,10,20262008,73,2,5,0
mixed_services,10,20262008,74,2,5,0
mixed_services,10,20262008,75,1,40,0
mixed_services,10,20262008,76,0,5,0
mixed_services,10,20262008,77,1,40,0
mixed_services,10,20262008,78,1,10,0
mixed_services,10,20262008,79,1,10,0
mixed_services,10,20262008,80,2,5,0
mixed_services,10,20262008,81,2,10,0
mixed_services,10,20262008,82,1,5,0
mixed_services,10,20262008,83,2,10,0
mixed_services,10,20262008,84,0,10,0
mixed_services,10,20262008,85,2,10,0
mixed_services,10,20262008,86,0,40,0
mixed_services,10,20262008,87,1,10,0
mixed_services,10,20262008,88,1,40,0
mixed_services,10,20262008,89,1,5,0
mixed_services,10,20262008,90,1,5,0
mixed_services,10,20262008,91,1,40,0
mixed_services,10,20262008,92,1,5,0
mixed_services,10,20262008,93,2,40,0
mixed_services,10,20262008,94,0,40,0
mixed_services,10,20262008,95,0,40,0
mixed_services,10,20262008,96,0,10,0
mixed_services,10,20262008,97,2,40,0
mixed_services,10,20262008,98,2,10,0
mixed_services,10,20262008,99,2,40,0
mixed_services,10,20262008,100,2,5,0
mixed_services,10,20262008,101,2,10,0
mixed_services,10,20262008,102,2,40,0
mixed_services,10,20262008,103,0,40,0
mixed_services,10,20262008,104,0,10,0
mixed_services,10,20262008,105,2,10,0
mixed_services,10,20262008,106,0,40,0
mixed_services,10,20262008,107,0,40,0
mixed_services,10,20262008,108,0,5,0
mixed_services,10,20262008,109,2,40,0
mixed_services,10,20262008,110,0,10,0
mixed_services,10,20262008,111,2,40,0
mixed_services,10,20262008,112,1,40,0
mixed_services,10,20262008,113,2,40,0
mixed_services,10,20262008,114,1,10,0
mixed_services,10,20262008,115,1,10,0
mixed_services,10,20262008,116,1,10,0
mixed_services,10,20262008,117,1,40,0
mixed_services,10,20262008,118,0,5,0
mixed_services,10,20262008,119,1,40,0
clustered_rounds,10,20262009,0,0,10,0
clustered_rounds,10,20262009,1,0,10,0
clustered_rounds,10,20262009,2,0,10,0
clustered_rounds,10,20262009,3,0,10,0
clustered_rounds,10,20262009,4,0,10,0
clustered_rounds,10,20262009,5,0,10,0
clustered_rounds,10,20262009,6,0,10,0
clustered_rounds,10,20262009,7,0,10,0
clustered_rounds,10,20262009,8,0,10,0
clustered_rounds,10,20262009,9,0,10,0
clustered_rounds,10,20262009,10,0,10,0
clustered_rounds,10,20262009,11,0,10,0
clustered_rounds,10,20262009,12,0,10,0
clustered_rounds,10,20262009,13,0,10,0
clustered_rounds,10,20262009,14,0,10,0
clustered_rounds,10,20262009,15,0,10,0
clustered_rounds,10,20262009,16,0,10,0
clustered_rounds,10,20262009,17,0,10,0
clustered_rounds,10,20262009,18,0,10,0
clustered_rounds,10,20262009,19,0,10,0
clustered_rounds,10,20262009,20,0,10,0
clustered_rounds,10,20262009,21,0,10,0
clustered_rounds,10,20262009,22,0,10,0
clustered_rounds,10,20262009,23,0,10,0
clustered_rounds,10,20262009,24,0,10,0
clustered_rounds,10,20262009,25,0,10,0
clustered_rounds,10,20262009,26,0,10,0
clustered_rounds,10,20262009,27,0,10,0
clustered_rounds,10,20262009,28,0,10,0
clustered_rounds,10,20262009,29,0,10,0
clustered_rounds,10,20262009,30,0,10,0
clustered_rounds,10,20262009,31,0,10,0
clustered_rounds,10,20262009,32,0,10,0
clustered_rounds,10,20262009,33,0,10,0
clustered_rounds,10,20262009,34,0,10,0
clustered_rounds,10,20262009,35,0,10,0
clustered_rounds,10,20262009,36,0,10,0
clustered_rounds,10,20262009,37,0,10,0
clustered_rounds,10,20262009,38,0,10,0
clustered_rounds,10,20262009,39,0,10,0
clustered_rounds,10,20262009,40,1,10,0
clustered_rounds,10,20262009,41,1,10,0
clustered_rounds,10,20262009,42,1,10,0
clustered_rounds,10,20262009,43,1,10,0
clustered_rounds,10,20262009,44,1,10,0
clustered_rounds,10,20262009,45,1,10,0
clustered_rounds,10,20262009,46,1,10,0
clustered_rounds,10,20262009,47,1,10,0
clustered_rounds,10,20262009,48,1,10,0
clustered_rounds,10,20262009,49,1,10,0
clustered_rounds,10,20262009,50,1,10,0
clustered_rounds,10,20262009,51,1,10,0
clustered_rounds,10,20262009,52,1,10,0
clustered_rounds,10,20262009,53,1,10,0
clustered_rounds,10,20262009,54,1,10,0
clustered_rounds,10,20262009,55,1,10,0
clustered_rounds,10,20262009,56,1,10,0
clustered_rounds,10,20262009,57,1,10,0
clustered_rounds,10,20262009,58,1,10,0
clustered_rounds,10,20262009,59,1,10,0
clustered_rounds,10,20262009,60,1,10,0
clustered_rounds,10,20262009,61,1,10,0
clustered_rounds,10,20262009,62,1,10,0
clustered_rounds,10,20262009,63,1,10,0
clustered_rounds,10,20262009,64,1,10,0
clustered_rounds,10,20262009,65,1,10,0
clustered_rounds,10,20262009,66,1,10,0
clustered_rounds,10,20262009,67,1,10,0
clustered_rounds,10,20262009,68,1,10,0
clustered_rounds,10,20262009,69,1,10,0
clustered_rounds,10,20262009,70,1,10,0
clustered_rounds,10,20262009,71,1,10,0
clustered_rounds,10,20262009,72,1,10,0
clustered_rounds,10,20262009,73,1,10,0
clustered_rounds,10,20262009,74,1,10,0
clustered_rounds,10,20262009,75,1,10,0
clustered_rounds,10,20262009,76,1,10,0
clustered_rounds,10,20262009,77,1,10,0
clustered_rounds,10,20262009,78,1,10,0
clustered_rounds,10,20262009,79,1,10,0
clustered_rounds,10,20262009,80,2,10,0
clustered_rounds,10,20262009,81,2,10,0
clustered_rounds,10,20262009,82,2,10,0
clustered_rounds,10,20262009,83,2,10,0
clustered_rounds,10,20262009,84,2,10,0
clustered_rounds,10,20262009,85,2,10,0
clustered_rounds,10,20262009,86,2,10,0
clustered_rounds,10,20262009,87,2,10,0
clustered_rounds,10,20262009,88,2,10,0
clustered_rounds,10,20262009,89,2,10,0
clustered_rounds,10,20262009,90,2,10,0
clustered_rounds,10,20262009,91,2,10,0
clustered_rounds,10,20262009,92,2,10,0
clustered_rounds,10,20262009,93,2,10,0
clustered_rounds,10,20262009,94,2,10,0
clustered_rounds,10,20262009,95,2,10,0
clustered_rounds,10,20262009,96,2,10,0
clustered_rounds,10,20262009,97,2,10,0
clustered_rounds,10,20262009,98,2,10,0
clustered_rounds,10,20262009,99,2,10,0
clustered_rounds,10,20262009,100,2,10,0
clustered_rounds,10,20262009,101,2,10,0
clustered_rounds,10,20262009,102,2,10,0
clustered_rounds,10,20262009,103,2,10,0
clustered_rounds,10,20262009,104,2,10,0
clustered_rounds,10,20262009,105,2,10,0
clustered_rounds,10,20262009,106,2,10,0
clustered_rounds,10,20262009,107,2,10,0
clustered_rounds,10,20262009,108,2,10,0
clustered_rounds,10,20262009,109,2,10,0
clustered_rounds,10,20262009,110,2,10,0
clustered_rounds,10,20262009,111,2,10,0
clustered_rounds,10,20262009,112,2,10,0
clustered_rounds,10,20262009,113,2,10,0
clustered_rounds,10,20262009,114,2,10,0
clustered_rounds,10,20262009,115,2,10,0
clustered_rounds,10,20262009,116,2,10,0
clustered_rounds,10,20262009,117,2,10,0
clustered_rounds,10,20262009,118,2,10,0
clustered_rounds,10,20262009,119,2,10,0
burst_requests,10,20262010,0,0,10,0
burst_requests,10,20262010,1,1,10,0
burst_requests,10,20262010,2,1,10,0
burst_requests,10,20262010,3,0,10,0
burst_requests,10,20262010,4,1,10,0
burst_requests,10,20262010,5,1,10,0
burst_requests,10,20262010,6,0,10,0
burst_requests,10,20262010,7,0,10,0
burst_requests,10,20262010,8,0,10,0
burst_requests,10,20262010,9,1,10,0
burst_requests,10,20262010,10,2,10,0
burst_requests,10,20262010,11,2,10,0
burst_requests,10,20262010,12,1,10,0
burst_requests,10,20262010,13,1,10,0
burst_requests,10,20262010,14,0,10,0
burst_requests,10,20262010,15,2,10,0
burst_requests,10,20262010,16,2,10,0
burst_requests,10,20262010,17,1,10,0
burst_requests,10,20262010,18,1,10,0
burst_requests,10,20262010,19,2,10,0
burst_requests,10,20262010,20,1,10,0
burst_requests,10,20262010,21,2,10,0
burst_requests,10,20262010,22,0,10,0
burst_requests,10,20262010,23,0,10,0
burst_requests,10,20262010,24,2,10,0
burst_requests,10,20262010,25,0,10,0
burst_requests,10,20262010,26,1,10,0
burst_requests,10,20262010,27,0,10,0
burst_requests,10,20262010,28,2,10,0
burst_requests,10,20262010,29,2,10,0
burst_requests,10,20262010,30,2,10,0
burst_requests,10,20262010,31,0,10,0
burst_requests,10,20262010,32,1,10,0
burst_requests,10,20262010,33,1,10,0
burst_requests,10,20262010,34,2,10,0
burst_requests,10,20262010,35,2,10,0
burst_requests,10,20262010,36,0,10,0
burst_requests,10,20262010,37,0,10,0
burst_requests,10,20262010,38,1,10,0
burst_requests,10,20262010,39,1,10,0
burst_requests,10,20262010,40,2,10,200
burst_requests,10,20262010,41,1,10,200
burst_requests,10,20262010,42,0,10,200
burst_requests,10,20262010,43,0,10,200
burst_requests,10,20262010,44,0,10,200
burst_requests,10,20262010,45,0,10,200
burst_requests,10,20262010,46,2,10,200
burst_requests,10,20262010,47,1,10,200
burst_requests,10,20262010,48,2,10,200
burst_requests,10,20262010,49,2,10,200
burst_requests,10,20262010,50,0,10,200
burst_requests,10,20262010,51,1,10,200
burst_requests,10,20262010,52,2,10,200
burst_requests,10,20262010,53,2,10,200
burst_requests,10,20262010,54,2,10,200
burst_requests,10,20262010,55,0,10,200
burst_requests,10,20262010,56,1,10,200
burst_requests,10,20262010,57,0,10,200
burst_requests,10,20262010,58,1,10,200
burst_requests,10,20262010,59,0,10,200
burst_requests,10,20262010,60,2,10,200
burst_requests,10,20262010,61,1,10,200
burst_requests,10,20262010,62,2,10,200
burst_requests,10,20262010,63,0,10,200
burst_requests,10,20262010,64,0,10,200
burst_requests,10,20262010,65,0,10,200
burst_requests,10,20262010,66,0,10,200
burst_requests,10,20262010,67,1,10,200
burst_requests,10,20262010,68,1,10,200
burst_requests,10,20262010,69,0,10,200
burst_requests,10,20262010,70,1,10,200
burst_requests,10,20262010,71,2,10,200
burst_requests,10,20262010,72,0,10,200
burst_requests,10,20262010,73,1,10,200
burst_requests,10,20262010,74,1,10,200
burst_requests,10,20262010,75,2,10,200
burst_requests,10,20262010,76,0,10,200
burst_requests,10,20262010,77,1,10,200
burst_requests,10,20262010,78,1,10,200
burst_requests,10,20262010,79,2,10,200
burst_requests,10,20262010,80,1,10,400
burst_requests,10,20262010,81,2,10,400
burst_requests,10,20262010,82,0,10,400
burst_requests,10,20262010,83,2,10,400
burst_requests,10,20262010,84,0,10,400
burst_requests,10,20262010,85,1,10,400
burst_requests,10,20262010,86,2,10,400
burst_requests,10,20262010,87,0,10,400
burst_requests,10,20262010,88,2,10,400
burst_requests,10,20262010,89,2,10,400
burst_requests,10,20262010,90,0,10,400
burst_requests,10,20262010,91,2,10,400
burst_requests,10,20262010,92,1,10,400
burst_requests,10,20262010,93,0,10,400
burst_requests,10,20262010,94,0,10,400
burst_requests,10,20262010,95,2,10,400
burst_requests,10,20262010,96,2,10,400
burst_requests,10,20262010,97,1,10,400
burst_requests,10,20262010,98,0,10,400
burst_requests,10,20262010,99,0,10,400
burst_requests,10,20262010,100,0,10,400
burst_requests,10,20262010,101,1,10,400
burst_requests,10,20262010,102,1,10,400
burst_requests,10,20262010,103,2,10,400
burst_requests,10,20262010,104,2,10,400
burst_requests,10,20262010,105,2,10,400
burst_requests,10,20262010,106,0,10,400
burst_requests,10,20262010,107,2,10,400
burst_requests,10,20262010,108,1,10,400
burst_requests,10,20262010,109,1,10,400
burst_requests,10,20262010,110,1,10,400
burst_requests,10,20262010,111,0,10,400
burst_requests,10,20262010,112,2,10,400
burst_requests,10,20262010,113,0,10,400
burst_requests,10,20262010,114,1,10,400
burst_requests,10,20262010,115,2,10,400
burst_requests,10,20262010,116,1,10,400
burst_requests,10,20262010,117,1,10,400
burst_requests,10,20262010,118,2,10,400
burst_requests,10,20262010,119,2,10,400
multi_ward,10,20262011,0,3,10,0
multi_ward,10,20262011,1,1,10,0
multi_ward,10,20262011,2,2,10,0
multi_ward,10,20262011,3,0,10,0
multi_ward,10,20262011,4,0,10,0
multi_ward,10,20262011,5,0,10,0
multi_ward,10,20262011,6,2,10,0
multi_ward,10,20262011,7,0,10,0
multi_ward,10,20262011,8,4,10,0
multi_ward,10,20262011,9,5,10,0
multi_ward,10,20262011,10,0,10,0
multi_ward,10,20262011,11,4,10,0
multi_ward,10,20262011,12,4,10,0
multi_ward,10,20262011,13,3,10,0
multi_ward,10,20262011,14,5,10,0
multi_ward,10,20262011,15,0,10,0
multi_ward,10,20262011,16,2,10,0
multi_ward,10,20262011,17,5,10,0
multi_ward,10,20262011,18,2,10,0
multi_ward,10,20262011,19,2,10,0
multi_ward,10,20262011,20,2,10,0
multi_ward,10,20262011,21,5,10,0
multi_ward,10,20262011,22,0,10,0
multi_ward,10,20262011,23,2,10,0
multi_ward,10,20262011,24,5,10,0
multi_ward,10,20262011,25,3,10,0
multi_ward,10,20262011,26,1,10,0
multi_ward,10,20262011,27,5,10,0
multi_ward,10,20262011,28,1,10,0
multi_ward,10,20262011,29,2,10,0
multi_ward,10,20262011,30,4,10,0
multi_ward,10,20262011,31,3,10,0
multi_ward,10,20262011,32,3,10,0
multi_ward,10,20262011,33,2,10,0
multi_ward,10,20262011,34,1,10,0
multi_ward,10,20262011,35,4,10,0
multi_ward,10,20262011,36,3,10,0
multi_ward,10,20262011,37,0,10,0
multi_ward,10,20262011,38,3,10,0
multi_ward,10,20262011,39,1,10,0
multi_ward,10,20262011,40,1,10,0
multi_ward,10,20262011,41,5,10,0
multi_ward,10,20262011,42,0,10,0
multi_ward,10,20262011,43,3,10,0
multi_ward,10,20262011,44,3,10,0
multi_ward,10,20262011,45,1,10,0
multi_ward,10,20262011,46,2,10,0
multi_ward,10,20262011,47,5,10,0
multi_ward,10,20262011,48,5,10,0
multi_ward,10,20262011,49,4,10,0
multi_ward,10,20262011,50,3,10,0
multi_ward,10,20262011,51,2,10,0
multi_ward,10,20262011,52,1,10,0
multi_ward,10,20262011,53,1,10,0
multi_ward,10,20262011,54,0,10,0
multi_ward,10,20262011,55,5,10,0
multi_ward,10,20262011,56,2,10,0
multi_ward,10,20262011,57,2,10,0
multi_ward,10,20262011,58,5,10,0
multi_ward,10,20262011,59,0,10,0
multi_ward,10,20262011,60,1,10,0
multi_ward,10,20262011,61,0,10,0
multi_ward,10,20262011,62,2,10,0
multi_ward,10,20262011,63,2,10,0
multi_ward,10,20262011,64,3,10,0
multi_ward,10,20262011,65,4,10,0
multi_ward,10,20262011,66,2,10,0
multi_ward,10,20262011,67,0,10,0
multi_ward,10,20262011,68,3,10,0
multi_ward,10,20262011,69,5,10,0
multi_ward,10,20262011,70,3,10,0
multi_ward,10,20262011,71,3,10,0
multi_ward,10,20262011,72,2,10,0
multi_ward,10,20262011,73,5,10,0
multi_ward,10,20262011,74,3,10,0
multi_ward,10,20262011,75,4,10,0
multi_ward,10,20262011,76,4,10,0
multi_ward,10,20262011,77,5,10,0
multi_ward,10,20262011,78,4,10,0
multi_ward,10,20262011,79,1,10,0
multi_ward,10,20262011,80,0,10,0
multi_ward,10,20262011,81,5,10,0
multi_ward,10,20262011,82,1,10,0
multi_ward,10,20262011,83,3,10,0
multi_ward,10,20262011,84,1,10,0
multi_ward,10,20262011,85,3,10,0
multi_ward,10,20262011,86,4,10,0
multi_ward,10,20262011,87,5,10,0
multi_ward,10,20262011,88,5,10,0
multi_ward,10,20262011,89,2,10,0
multi_ward,10,20262011,90,0,10,0
multi_ward,10,20262011,91,0,10,0
multi_ward,10,20262011,92,0,10,0
multi_ward,10,20262011,93,3,10,0
multi_ward,10,20262011,94,0,10,0
multi_ward,10,20262011,95,1,10,0
multi_ward,10,20262011,96,1,10,0
multi_ward,10,20262011,97,3,10,0
multi_ward,10,20262011,98,4,10,0
multi_ward,10,20262011,99,4,10,0
multi_ward,10,20262011,100,2,10,0
multi_ward,10,20262011,101,1,10,0
multi_ward,10,20262011,102,2,10,0
multi_ward,10,20262011,103,0,10,0
multi_ward,10,20262011,104,4,10,0
multi_ward,10,20262011,105,4,10,0
multi_ward,10,20262011,106,4,10,0
multi_ward,10,20262011,107,1,10,0
multi_ward,10,20262011,108,3,10,0
multi_ward,10,20262011,109,5,10,0
multi_ward,10,20262011,110,4,10,0
multi_ward,10,20262011,111,4,10,0
multi_ward,10,20262011,112,1,10,0
multi_ward,10,20262011,113,5,10,0
multi_ward,10,20262011,114,5,10,0
multi_ward,10,20262011,115,1,10,0
multi_ward,10,20262011,116,1,10,0
multi_ward,10,20262011,117,4,10,0
multi_ward,10,20262011,118,0,10,0
multi_ward,10,20262011,119,4,10,0
